,isExternalPostamat,id,wayInfoImagesCount,address,workTime,wayInfo,imageLocationPath,cityId,cityName,cityNameUfu,regionName,coordinates,sale,smId,fastestDatesByStore,deliveryPointType,bonus,legacyDstId,isWb,country
0,False,115086,3,"г Пинск (Брестская область), Брестская улица 122",Ежедневно 10:00-21:00,,Img115086,1985385,Пинск,pinsk,,"52.113792,26.065374",0,6,{},0,0.0,6257894,True,Belarus
1,False,1134,3,"г. Минск, ул. Колесникова, 18",Ежедневно 10:00-21:00,"Доезжаете до диспетчерской станции «ДС Кунцевщина».Троллейбусы: № 25, 31, 48, 52,9; автобусы: № 107, 116, 122э, 137, 138, 144с, 17, 29, 36, 40, 42, 78, 8, 177э; маршрутки:1112, 1183. Переходите дорогу через светофор, далее  двигаетесь по  ул. Колесникова, перед домом Колесникова,18, поворачиваете направо.  Пнкт самовывоза находится между домами 10 и 20.",Img1134,1983668,Минск,minsk,Минск и Минская обл.,"53.919261,27.438412",0,6,{},0,0.0,4542379,True,Belarus
2,False,1162,3,"г. Минск, улица Толбухина, 9А",Ежедневно 10:00-21:00,"Самовывоз расположен около станции метро Парк Челюскинцев,выходите из метро Парк Челюскинцев (первый вагон по ходу движения ,при выходе из метро налево) перейти дорогу на светофоре , идти по ул.Толбухина до суда ,после здания суда повернуть налево и сразу за судом находится самовывоз.
",Img1162,1983668,Минск,minsk,Минск и Минская обл.,"53.9275577,27.6105526",0,6,{},0,0.0,4471423,True,Belarus
3,False,15609,3,"г. Бобруйск (Могилёвская область), Минская улица, д. 66",Ежедневно 10:00-21:00,,Img15609,1985357,Бобруйск,bobruysk,,"53.152893,29.223741",0,6,{},0,0.0,5473601,True,Belarus
4,False,17213,3,"г. Минск, улица Рафиева, д. 55",Ежедневно 10:00-21:00,,Img17213,1983668,Минск,minsk,Минск и Минская обл.,"53.862360838,27.446972204",0,6,{},0,0.0,6121430,True,Belarus
5,False,858,3,"г. Минск, ул. Казинца, 11А",Ежедневно 10:00-21:00,"Пункт самовывоза находится в здании бизнес-центра «Гермес», в 20 метрах от остановки «Механико-Технологический колледж». Если ехать со стороны площади Казинца, то выходите на остановке и двигаетесь прямо по ходу движения до большого синего здания бизнес-центра « Гермес» ( с остановки его очень хорошо видно); если со стороны Института Культуры, то от остановки переходите на противоположную сторону ( возвращаетесь на 20 м. назад, против движения, на светофор) и двигаетесь к бизнес-центру.",kazinca,1983668,Минск,minsk,Минск и Минская обл.,"53.865106,27.524273",0,6,{},0,0.0,4542286,True,Belarus
6,False,17089,3,"г. Минск, улица Якуба Коласа, д. 21",Ежедневно 10:00-21:00,,Img17089,1983668,Минск,minsk,Минск и Минская обл.,"53.922066,27.588645",0,6,{},0,0.0,6074260,True,Belarus
7,False,11921,3,"г. Новополоцк (Витебская область), Молодёжная улица, д. 100 А",Ежедневно 10:00-21:00,"После перекрестка ""Калинина"", не доезжая ТЦ ""Пралеска"", свернуть влево во двор, бывший магазин ""Парус"".
",Img11921,1985428,Новополоцк,novopolotsk,,"55.532523498,28.655532212",0,6,{},0,0.0,4471707,True,Belarus
8,False,102213,3,"г. Верхнедвинск (Витебская область), Ленинская улица, д. 15Б",Ежедневно 10:00-21:00,,Img102213,1985420,Верхнедвинск,verhnedvinsk,,"55.78118,27.935051",0,6,{},0,0.0,6254689,True,Belarus
9,False,14018,3,"г. Витебск (Витебская область), проспект Фрунзе, д. 42",Ежедневно 10:00-21:00,"Пункт самовывоза находится рядом с пересечением проспекта Фрунзе и Генерала Людникова. Ближайшая остановка общественного транспорта ул. Смоленская (рядом с почтой №9, рестораном «Зелена Гура»). От остановки необходимо пройти 140 м. в сторону магазина «Белита-Витэкс». Рядом с нами  находится магазин «Краскин дом». Вход на ПВЗ с торца дома. ",Img14018,1983665,Витебск,vitebsk,,"55.194343,30.230344",0,6,{},0,0.0,4960133,True,Belarus
10,False,105469,3,"г. Минск, Интернациональная улица, д. 3",Ежедневно 10:00-21:00,,Img105469,1983668,Минск,minsk,Минск и Минская обл.,"53.900979,27.552078",0,6,{},0,0.0,6255291,True,Belarus
11,False,1213,3,г. Витебск (Витебская область) ул. Чкалова  19/1,Ежедневно 10:00-21:00,"Пункт выдачи заказов находится на перекрестке улицы Чкалова и проспекта Строителей, возле центрального офиса МТС. Ближайшая остановка общественного транспорта — ""Бригантина"". Выйдя из общественного транспорта нужно двигаться по ул. Чкалова мимо офиса МТС в сторону Московского проспекта. Через сто метров слева Вы увидите наш пункт самовывоза.
",Img1213,1983665,Витебск,vitebsk,,"55.173645912,30.212879243",0,6,{},0,0.0,4471469,True,Belarus
12,False,114176,3,"г Иваново (Брестская область), улица Карла Маркса 51А",Ежедневно 10:00-21:00,,Img114176,1985377,Иваново,ivanovo,,"52.144824,25.543306",0,6,{},0,0.0,6257521,True,Belarus
13,False,1009,3,"г. Слоним (Гродненская обл.), ул. Брестская, 73",Ежедневно 10:00-21:00,"Остановка ""10-я школа"", проезд автобусов № 3, 5, 12. Сразу за остановкой жилой дом №73 на противоположной стороне от нового здания суда. Единственный вход со стороны дороги, а не со двора.",slonim,1985397,Слоним,slonim,,"53.0853,25.3015",0,6,{},0,0.0,4542287,True,Belarus
14,False,109283,3,Хойники (Гомельская область) улица Жукова 2,Ежедневно 10:00-21:00,,Img109283,1985417,Хойники,hoyniki,,"51.907399,29.990583",0,6,{},0,0.0,6256119,True,Belarus
15,False,104192,3,"г. Витебск (Витебская область), улица Космонавтов, д. 11",Ежедневно 10:00-21:00,,Img104192,1983665,Витебск,vitebsk,,"55.196026,30.188971",0,6,{},0,0.0,6254845,True,Belarus
16,False,18278,3,"г. Бобруйск (Могилёвская область), улица Генерала Батова, 29",Ежедневно 10:00-21:00,,Img18278,1985357,Бобруйск,bobruysk,,"53.193034,29.231358",0,6,{},0,0.0,6254344,True,Belarus
17,False,17348,3,"г. Гомель (Гомельская область), улица Владимирова, д. 65",Ежедневно 10:00-21:00,,Img17348,1983666,Гомель,gomel,,"52.424518175,30.948923226",0,6,{},0,0.0,6157540,True,Belarus
18,False,16665,3,"г. Брест (Брестская область), Московская улица, д. 301",Ежедневно 10:00-21:00,,Img16665,1983664,Брест,brest,,"52.102446589,23.781313066",0,6,{},0,0.0,5884730,True,Belarus
19,False,106722,3,Мстиславль Кирова 39А,Ежедневно 10:00-21:00,,Img106722,1985366,Мстиславль,mstislavl,,"54.017149,31.716172",0,6,{},0,0.0,6255659,True,Belarus
20,False,15680,3,"г. Славгород (Могилёвская область), Ленинская улица, д. 52",Ежедневно 09:00-21:00,,Img15680,1985368,Славгород,slavgorod,,"53.450131,31.006502",0,6,{},0,0.0,5491742,True,Belarus
21,False,102675,3,"г. Минск, Брилевская улица, д. 3",Ежедневно 10:00-21:00,,Img102675,1983668,Минск,minsk,Минск и Минская обл.,"53.876653,27.532314",0,6,{},0,0.0,6254007,True,Belarus
22,False,17657,3,"г. Минск, улица Макаёнка, д. 12А",Ежедневно 10:00-21:00,,Img17657,1983668,Минск,minsk,Минск и Минская обл.,"53.921884335,27.62525479",0,6,{},0,0.0,6233148,True,Belarus
23,False,107032,3,г Мозырь (Гомельская обл) Интернациональная 96,Ежедневно 10:00-21:00,,Img107032,1985408,Мозырь,mozyr,,"52.036949,29.265995",0,6,{},0,0.0,6256047,True,Belarus
24,False,111193,3,г Минск (Минская обл) Сухаревская улица 46,Ежедневно 10:00-21:00,,Img111193,2377666,Минск,minsk,Минск и Минская обл.,"53.889044,27.427109",0,6,{},0,0.0,6256613,True,Belarus
25,False,18006,3,"г. Минск, улица Всеволода Игнатовского, д. 4",Ежедневно 10:00-21:00,,Img18006,1983668,Минск,minsk,Минск и Минская обл.,"53.921128,27.449712",0,6,{},0,0.0,6253762,True,Belarus
26,False,116046,3,"г Гродно (Гродненская область), Мостовая улица 39",Ежедневно 10:00-21:00,,Img116046,1983667,Гродно,grodno,,"53.673679,23.828995",0,6,{},0,0.0,6257938,True,Belarus
27,False,107811,3,г. Борисов (Минская обл) Серебренникова 2 Б,Ежедневно 10:00-21:00,,Img107811,1985332,Борисов,borisov,,"54.180058,28.472536",0,6,{},0,0.0,6255825,True,Belarus
28,False,111380,3,г Лида (Гродненская обл) Советская улица 38,Ежедневно 10:00-21:00,,Img111380,1985391,Лида,lida,,"53.897377,25.299738",0,6,{},0,0.0,6257044,True,Belarus
29,False,116595,3,"Мозырь (Гомельская область), улица Веры Хоружей 11",Ежедневно 10:00-21:00,,Img116595,1985408,Мозырь,mozyr,,"52.086897,29.227098",0,6,{},0,0.0,6257933,True,Belarus
30,False,107930,3,"г Старые Дороги (Беларусь, Минская обл, Стародорожский р-н) Комсомольская 3",Ежедневно 10:00-21:00,,Img107930,1985563,Старые Дороги,starye-dorogi,,"53.038821,28.267811",0,6,{},0,0.0,6255870,True,Belarus
31,False,117079,3,"Полоцк (Витебская область), улица Вологина 336",Ежедневно 10:00-21:00,,Img117079,1985430,Полоцк,polotsk,,"55.537777,28.801906",0,6,{},0,0.0,6257934,True,Belarus
32,False,1325,3,"г. Минск, пр-кт Дзержинского, 131",Ежедневно 10:00-21:00,"Выходите из метро «Малиновка» на противоположную сторону от ProStor ( по ходу движения, поворачиваете налево, затем направо). По левую сторону виднеются дома. Двигаетесь вперед до АПТЕКИ. Между домами (пр-т Дзержинского 129 и 131) заходите во внутреннюю часть дома, поднимаетесь по лестнице и доходите до первого подъезда (крайний слева) с вывеской "" Wildberries"".",Img1325,1983668,Минск,minsk,Минск и Минская обл.,"53.844537,27.473931",0,6,{},0,0.0,4471559,True,Belarus
33,False,104901,3,Минск Люцинская 1,Ежедневно 10:00-21:00,,Img104901,1983668,Минск,minsk,Минск и Минская обл.,"53.931553,27.442545",0,6,{},0,0.0,6254894,True,Belarus
34,False,108701,3,г Могилев (Могилёвская область) проспект Шмидта 46,Ежедневно 10:00-21:00,,Img108701,1983669,Могилев,mogilev,,"53.870707,30.325718",0,6,{},0,0.0,6256560,True,Belarus
35,False,108794,3,"г.  Могилёв ( Могилевская обл, Могилевский р-н ), ул. Ленинская, д. 83",Ежедневно 10:00-21:00,,Img108794,2373288,Могилёв,mogilev,,"53.907801,30.345743",0,6,{},0,0.0,6255946,True,Belarus
36,False,103322,3,"г. Лепель (Витебская область), улица Чуйкова, д. 75",Ежедневно 10:00-21:00,,Img103322,1985425,Лепель,lepel,,"54.877511,28.69084",0,6,{},0,0.0,6254513,True,Belarus
37,False,338,3,"г. Гомель, Пр. Октября, 28В",Ежедневно 10:00-21:00," Выходите на остановке ""Мотороремонтный завод "" и следуете в сторону центра города (200-300метров) до торгового центра. Вход в ПВЗ находится между 9-ти этажным домом и торговым центром.
",Gomel_okt,1983666,Гомель,gomel,,"52.407352,30.957939",0,6,{},0,0.0,4542305,True,Belarus
38,False,106856,3,г. Могилев ул. Чайковского д. 11,Ежедневно 10:00-21:00,,Img106856,1983669,Могилев,mogilev,,"53.878709,30.332857",0,6,{},0,0.0,6255540,True,Belarus
39,False,114180,3, Гомельская обл  г. Чечерск Советская улица 27,Ежедневно 10:00-21:00,,Img114180,1985418,Чечерск,chechersk,,"52.914829,30.917662",0,6,{},0,0.0,6257484,True,Belarus
40,False,115232,3,"г Новополоцк (Витебская область), Молодёжная улица 54",Ежедневно 10:00-21:00,,Img115232,1985428,Новополоцк,novopolotsk,,"55.537619,28.640231",0,6,{},0,0.0,6257936,True,Belarus
41,False,109097,3,"г Минск Беларусь, г Минск Стариновская 2",Ежедневно 10:00-21:00,,Img109097,2377666,Минск,minsk,Минск и Минская обл.,"53.945583,27.695753",0,6,{},0,0.0,6256687,True,Belarus
42,False,107923,3,"г Копыль (Беларусь, Минская обл) Партизанская 5",Ежедневно 10:00-21:00,,Img107923,1985340,Копыль,kopyl,,"53.149693,27.092987",0,6,{},0,0.0,6256533,True,Belarus
43,False,109150,3,Минск (Беларусь) Руссиянова 7,Ежедневно 10:00-21:00,"Со стороны главного входа идете прямо до упора,затем по коридору налево, на углу по правой стороне будет магазин кофе, сразу за ним направо.",Img109150,1983668,Минск,minsk,Минск и Минская обл.,"53.938678,27.685568",0,6,{},0,0.0,6256062,True,Belarus
44,False,111433,3,"Червень (Минская область), Горбачёва 36",Ежедневно 10:00-21:00,,Img111433,1985356,Червень,cherven,,"53.705525,28.434321",0,6,{},0,0.0,6257940,True,Belarus
45,False,109266,3,"Жлобин (Гомельская область, Жлобинский район) Карла Маркса 2Б",Ежедневно 10:00-21:00,,Img109266,1985405,Жлобин,zhlobin,,"52.908992,30.047198",0,6,{},0,0.0,6256052,True,Belarus
46,False,109413,3,"Рогачёв (Гомельская область, Рогачёвский район) Набережная 79/2",Ежедневно 10:00-21:00,,Img109413,1985414,Рогачев,rogachev,,"53.103521,30.068482",0,6,{},0,0.0,6256051,True,Belarus
47,False,109556,3,г Минск (Минск) улица Кутузова 1,Ежедневно 10:00-21:00,,Img109556,1983668,Минск,minsk,Минск и Минская обл.,"53.933368,27.622305",0,6,{},0,0.0,6256168,True,Belarus
48,False,106359,3,г. Шклов (Могилевская обл) Энтузиастов 5,Ежедневно 10:00-21:00,,Img106359,1985371,Шклов,shklov,,"54.219408,30.286142",0,6,{},0,0.0,6255411,True,Belarus
49,False,17951,3,"г. Молодечно (Минская область), улица Янки Купалы, д. 110",Ежедневно 10:00-21:00,,Img17951,1985344,Молодечно,molodechno,,"54.311386,26.895308",0,6,{},0,0.0,6253710,True,Belarus
50,False,115814,3,"г Березовка (Гродненская область), улица Ленина 3",Ежедневно 10:00-21:00,,Img115814,1985509,Березовка,berezovka,,"53.71764,25.500291",0,6,{},0,0.0,6257923,True,Belarus
51,False,109577,3,г Витебск (Витебская область) улица Генерала Белобородова 1Д,Ежедневно 10:00-21:00,,Img109577,1983665,Витебск,vitebsk,,"55.183936,30.192681",0,6,{},0,0.0,6256196,True,Belarus
52,False,104281,4,"г. Минск, Томская улица, д. 65к2",Ежедневно 10:00-21:00,,Img104281,1983668,Минск,minsk,Минск и Минская обл.,"53.876196,27.678163",0,6,{},0,0.0,6254777,True,Belarus
53,False,115469,3,"Речица (Гомельская область), улица Трифонова 89",Ежедневно 10:00-21:00,,Img115469,1985412,Речица,rechitsa,,"52.381994,30.364779",0,6,{},0,0.0,6257942,True,Belarus
54,False,105850,3,г. Могилёв (Могилевская обл) Алексея Пысина 25,Ежедневно 10:00-21:00,,Img105850,1983669,Могилев,mogilev,,"53.91613,30.288764",0,6,{},0,0.0,6255305,True,Belarus
55,False,103980,3,"г. Минск, улица Кнорина, д. 11",Ежедневно 10:00-21:00,,Img103980,1983668,Минск,minsk,Минск и Минская обл.,"53.934169,27.612211",0,6,{},0,0.0,6254665,True,Belarus
56,False,14223,3,"деревня Боровляны (Минская область), улица 40 лет Победы, д. 23А",Ежедневно 10:00-21:00,"От остановки Карбышева автобусы: 113с; 145с; 113а;115э; 143 или маршрутные такси; 1151, 1409,1455 до остановки Вучэбная гаспадарка. Выйдя из ТС, возвращаемся к перекрестку и переходим дорогу к Аптеке (ул.40 лет Победы,28), затем поворачиваем налево и продолжаем двигаться вверх по улице 40 лет Победы. Доходим до поворота главной дороги направо, переходим на противоположную сторону, и, повернув направо, двигаемся прямо. Здание по адресу улица 40 лет Победы, д. 23А окажется слева от Вас. Пункт выдачи заказов находится в пристройке со стороны дороги .",Img14223,1999432,Боровляны,borovlyany,,"53.9878,27.6791",0,6,{},0,0.0,5030619,True,Belarus
57,False,110765,3,"Свислочь Гродненская область, Свислочский район Красноармейская улица 23",Ежедневно 10:00-21:00,,Img110765,1985396,Свислочь,svisloch,,"53.035774,24.10381",0,6,{},0,0.0,6256653,True,Belarus
58,False,108418,3,п. Колодищи (Минский р-н) Военный городок  230,Ежедневно 10:00-21:00,,Img108418,1999507,Колодищи,kolodishchi,,"53.963362,27.764852",0,6,{},0,0.0,6255826,True,Belarus
59,False,16500,3,"г. Могилёв (Могилёвская область), проспект Мира, д. 15",Ежедневно 10:00-21:00,,Img16500,1983669,Могилев,mogilev,,"53.911259,30.323962",0,6,{},0,0.0,5763380,True,Belarus
60,False,111173,3,г Барановичи (Брестская область) Советская улица 102,Ежедневно 10:00-21:00,,Img111173,1985372,Барановичи,baranovichi,,"53.128049,26.019785",0,6,{},0,0.0,6256835,True,Belarus
61,False,492,3,"г. Брест, (Брестская область), Пр. Машерова, д. 53",Ежедневно 10:00-21:00,"Пересечение улиц Бульвар Космонавтов – Проспект Машерова. А.о. Пр-кт Машерова. Пункт выдачи заказов находится прямо за остановкой. Ориентироваться нужно на магазин Меркурий. Доехать можно любым троллейбусом 1, 2, 3, 4, 8.",Img492,1983664,Брест,brest,,"52.087529,23.704043",0,6,{},0,0.0,4542135,True,Belarus
62,False,114270,3,г Гомель (Гомельская область) улица Ильича 301,Ежедневно 10:00-21:00,,Img114270,1983666,Гомель,gomel,,"52.358063,31.0285",0,6,{},0,0.0,6257435,True,Belarus
63,False,111396,3,  г Минск улица Водолажского д. 15,Ежедневно 10:00-21:00,,Img111396,2377666,Минск,minsk,Минск и Минская обл.,"53.942731,27.709708",0,6,{},0,0.0,6256691,True,Belarus
64,False,16927,3,"г. Ивацевичи (Брестская область), улица Максима Танка, д. 9В",Ежедневно 10:00-21:00,,Img16927,1985378,Ивацевичи,ivatsevichi,,"52.710684,25.318787",0,6,{},0,0.0,6018425,True,Belarus
65,False,17977,3,"г. Кобрин (Брестская область), Советская улица, д. 52",Ежедневно 10:00-21:00,,Img17977,1985380,Кобрин,kobrin,,"52.212386576,24.348513185",0,6,{},0,0.0,6253737,True,Belarus
66,False,17075,3,"г. Жлобин (Гомельская область), улица Дзержинского, д. 29",Ежедневно 10:00-21:00,,Img17075,1985405,Жлобин,zhlobin,,"52.894337189,30.038907635",0,6,{},0,0.0,6073956,True,Belarus
67,False,111819,3,г Калинковичи (Гомельская область) улица 50 лет Октября 51-2,Ежедневно 10:00-21:00,,Img111819,1985407,Калинковичи,kalinkovichi,,"52.124565,29.321425",0,6,{},0,0.0,6256800,True,Belarus
68,False,111994,3,Минск Минск Жасминовая улица 3Б,Ежедневно 10:00-21:00,,Img111994,1983668,Минск,minsk,Минск и Минская обл.,"53.926468,27.651508",0,6,{},0,0.0,6256849,True,Belarus
69,False,112115,3,г Минск улица Леонида Беды 8,Ежедневно 10:00-21:00,,Img112115,1983668,Минск,minsk,Минск и Минская обл.,"53.931948,27.589755",0,6,{},0,0.0,6257385,True,Belarus
70,False,114267,3,Брестская область г. Барановичи улица Куйбышева д.42,Ежедневно 10:00-21:00,,Img114267,1985372,Барановичи,baranovichi,,"53.127931,26.005428",0,6,{},0,0.0,6257612,True,Belarus
71,False,113812,3,"г Минск, проспект Независимости 94",Ежедневно 10:00-21:00,,Img113812,1983668,Минск,minsk,Минск и Минская обл.,"53.927784,27.627961",0,6,{},0,0.0,6257383,True,Belarus
72,False,112497,3,г Новополоцк (Витебская область) Армейская улица 18,Ежедневно 10:00-21:00,,Img112497,1985428,Новополоцк,novopolotsk,,"55.589708,28.592343",0,6,{},0,0.0,6257340,True,Belarus
73,False,18201,3,"г. Костюковичи (Могилёвская область), Ленинская улица, д. 18",Ежедневно 10:00-21:00,,Img18201,1985364,Костюковичи,kostyukovichi,,"53.345971757,32.052789651",0,6,{},0,0.0,6254174,True,Belarus
74,False,103567,3,"г. Минск, переулок Кузьмы Чорного, д. 9",Ежедневно 10:00-21:00,,Img103567,1983668,Минск,minsk,Минск и Минская обл.,"53.925738,27.605513",0,6,{},0,0.0,6254372,True,Belarus
75,False,16280,3,"г. Молодечно (Минская область), Виленская улица, д. 12",Ежедневно 10:00-21:00,,Img16280,1985344,Молодечно,molodechno,,"54.310515,26.84449",0,6,{},0,0.0,5658924,True,Belarus
76,False,15246,3,"г. Гомель (Гомельская область), Чечерская улица, д. 68Б",Ежедневно 10:00-21:00,,Img15246,1983666,Гомель,gomel,,"52.466953,31.042956",0,6,{},0,0.0,5408553,True,Belarus
77,False,17993,3,"г. Мозырь (Гомельская область), Пролетарская улица, д. 47",Ежедневно 10:00-21:00,,Img17993,1985408,Мозырь,mozyr,,"52.051837857,29.244606881",0,6,{},0,0.0,6253749,True,Belarus
78,False,14650,3,"г. Барановичи (Брестская область), Фабричная улица, д. 18",Ежедневно 10:00-21:00,"До пункта самовывоза можно доехать на автобусах № 2, 4, 6, 7, 10, 11, 22 до остановки ""Фабричная"" или ""БПХО"". Пункт находится вдоль дороги в жилом доме № 18  между данными автобусными остановками. ",Img14650,1985372,Барановичи,baranovichi,,"53.148665202,26.050350204",0,6,{},0,0.0,5203838,True,Belarus
79,False,17945,3,"г. Минск, Долгобродская улица, д. 7/1",Ежедневно 10:00-21:00,,Img17945,1983668,Минск,minsk,Минск и Минская обл.,"53.900416003,27.603413191",0,6,{},0,0.0,6253701,True,Belarus
80,False,17676,3,"г. Бобруйск (Могилёвская область), Ульяновская улица, д. 34/22",Ежедневно 10:00-21:00,,Img17676,1985357,Бобруйск,bobruysk,,"53.161425,29.199828",0,6,{},0,0.0,6233686,True,Belarus
81,False,16002,3,"г. Дрогичин (Брестская область), Октябрьская улица, д. 31",Ежедневно 10:00-21:00,,Img16002,1985375,Дрогичин,drogichin,,"52.187019854,25.144560406",0,6,{},0,0.0,5573221,True,Belarus
82,False,965,3,"г. Борисов (Минская обл.), ул. Гагарина, д. 67а",Ежедневно 10:00-21:00,"Проезд на автобусах: №11, 18, 7 до остановки ""Стадион"" далее двигаться прямо 200 м. ТЦ в начале Гагарниа 67 (Въетнамской стены). Ориентир: магазин автозапчастей.",borisov,1985332,Борисов,borisov,,"54.223713,28.496825",0,6,{},0,0.0,4471387,True,Belarus
83,False,114159,3,"г Осиповичи (Могилёвская область), Сумченко 84",Ежедневно 10:00-21:00,,Img114159,1985367,Осиповичи,osipovichi,,"53.319544,28.648345",0,6,{},0,0.0,6257889,True,Belarus
84,False,16745,3,"деревня Боровляны (Минская область), улица Берёзовая Роща, д. 106",Ежедневно 10:00-21:00,,Img16745,2135491,Боровляны,borovlyany,,"54.000705846,27.67657895",0,6,{},0,0.0,5937954,True,Belarus
85,False,15506,3,"г. Жабинка (Брестская область), улица Наганова, д. 16А/1",Ежедневно 10:00-21:00,,Img15506,1985376,Жабинка,zhabinka,,"52.192940657,24.015888977",0,6,{},0,0.0,5462902,True,Belarus
86,False,12464,3,"г Рогачёв (Гомельская область), улица Ленина, д. 59",Ежедневно 10:00-21:00,"ПВЗ находится в центре города на ул. Ленина ,жилой 5-этажный дом 59, на 1-ом этаже (вход со стороны дороги), рядом центральная аптека, напротив детский сад  № 3. Автобусная остановка «Райисполком». (автобусы 1, 2, 5)
",Img12464,1985414,Рогачев,rogachev,,"53.083747,30.053312",0,6,{},0,0.0,4471833,True,Belarus
87,False,15850,3,"г. Минск, улица Маяковского, д. 160",Ежедневно 10:00-21:00,"Проезд автобусами №123, 102, 52, 191, а так же троллейбусами №5, 6, до остановки «Солнечная». Вход в ПВЗ располагается в 100 метрах от остановки по четной стороне нумерации домов.",Img15850,1983668,Минск,minsk,Минск и Минская обл.,"53.865415724,27.570385248",0,6,{},0,0.0,5527873,True,Belarus
88,False,17899,3,"г. Кричев (Могилёвская область), улица Комсомольский Микрорайон, д. 19",Ежедневно 10:00-21:00,,Img17899,1985365,Кричев,krichev,,"53.712515112,31.71664044",0,6,{},0,0.0,6253649,True,Belarus
89,False,17564,3,"г. Минск, улица Гамарника, д. 30",Ежедневно 10:00-21:00,,Img17564,1983668,Минск,minsk,Минск и Минская обл.,"53.957169,27.605606",0,6,{},0,0.0,6224964,True,Belarus
90,False,1095,3,"г. Минск, ул. Платонова, 33",Ежедневно 10:00-21:00,"Проезд трамваями № 3, 6 до остановки Платонова, перейти дорогу на пересечении  улиц Козлова и Платонова на противоположную сторону , повернуть во дворы напротив  Шиномонтажа, пройти 300 метров до высокого жилого здания, на углу вывеска и сразу вход в ПВЗ.",Img1095,1983668,Минск,minsk,Минск и Минская обл.,"53.9104,27.5924",0,6,{},0,0.0,4542352,True,Belarus
91,False,15900,3,"г. Белоозёрск (Брестская область), улица Энергетиков, д. 10",Ежедневно 10:00-21:00,,Img15900,1985442,Белоозерск,beloozersk,,"52.472176692,25.178042329",0,6,{},0,0.0,5545477,True,Belarus
92,False,102806,3,"г. Миоры (Витебская область), Советская улица, д. 8",Ежедневно 10:00-21:00,,Img102806,1985427,Миоры,miory,,"55.620236,27.623525",0,6,{},0,0.0,6255010,True,Belarus
93,False,105206,3,г. Минск Мястровская 6,Ежедневно 10:00-21:00,,Img105206,1983668,Минск,minsk,Минск и Минская обл.,"53.933532,27.475712",0,6,{},0,0.0,6255692,True,Belarus
94,False,17077,3,"г. Полоцк (Витебская обл.), ул. Шенягина, 54",Ежедневно 10:00-21:00,,Img17077,1985430,Полоцк,polotsk,,"55.4921,28.7533",0,6,{},0,0.0,6073988,True,Belarus
95,False,113991,3,г. Гродно (Гродненская область) Дзержинского д. 58/1,Ежедневно 10:00-21:00,,Img113991,1983667,Гродно,grodno,,"53.696796,23.839051",0,6,{},0,0.0,6257350,True,Belarus
96,False,112632,3," Витебская область, Оршанский район г. Орша проспект Текстильщиков д. 21",Ежедневно 10:00-21:00,,Img112632,1985429,Орша,orsha,,"54.495174,30.402569",0,6,{},0,0.0,6257329,True,Belarus
97,False,17679,3,"г. Горки (Могилёвская область), Советская улица, д. 64",Ежедневно 10:00-21:00,,Img17679,73244,Горки,gorki,,"54.284582726,30.99582788",0,6,{},0,0.0,6233755,True,Belarus
98,False,13631,3,"г. Мозырь (Гомельская область), улица Притыцкого, 30А",Ежедневно 10:00-21:00,"Пункт самовывоза находится в Торговом Центре ""Визит"" (ИдеяБанк, Евросеть, Ziko) на нижнем этаже. Вход со стороны Рынка.",Img13631,1985408,Мозырь,mozyr,,"52.036051,29.20944",0,6,{},0,0.0,4743810,True,Belarus
99,False,104064,3,"г. Толочин (Витебская область), площадь 40 лет Октября, д. 3",Ежедневно 10:00-21:00,,Img104064,1985433,Толочин,tolochin,,"54.409826,29.692697",0,6,{},0,0.0,6254873,True,Belarus
100,False,17239,3,"г. Брест (Брестская область), улица Энгельса, д. 11",Ежедневно 10:00-21:00,,Img17239,1983664,Брест,brest,,"52.09212952,23.680229128",0,6,{},0,0.0,6137856,True,Belarus
101,False,18166,3,"г. Чериков (Могилёвская область), Ленинская улица, д. 178А",Ежедневно 10:00-21:00,,Img18166,1985370,Чериков,cherikov,,"53.570128361,31.385025205",0,6,{},0,0.0,6254103,True,Belarus
102,False,17626,3,"г. Гомель (Гомельская область), улица Богдана Хмельницкого, д. 108к1",Ежедневно 10:00-21:00,,Img17626,1983666,Гомель,gomel,,"52.407923546,30.978245169",0,6,{},0,0.0,6230509,True,Belarus
103,False,16888,3,"г. Быхов (Могилёвская область), микрорайон Колос , д. 82",Ежедневно 10:00-21:00,,Img16888,1985358,Быхов,byhov,,"53.535523,30.220944",0,6,{},0,0.0,5990119,True,Belarus
104,False,16515,3,"г. Лунинец (Брестская область), Советская улица, д. 18",Ежедневно 10:00-21:00,,Img16515,1985382,Лунинец,luninets,,"52.2459,26.8032",0,6,{},0,0.0,5767072,True,Belarus
105,False,823,3,"г. Бобруйск (Могилевская обл.), ул. Советская, 72 / 3",Ежедневно 10:00-21:00,"Пункт самовывоза расположен напротив детской стоматологии по улице Советской около пересечения с улицей Карла Либкнехта между автобусными остановками ""Площадь Победы"" и ""К-р Товарищ"". Общественный транспорт: Троллейбус №1, №2; Автобус 5д, 7Б, 8А, 13, 13А, 13В, 14, 14А 30, 40, 33, 9,70.             ",Img823,1985357,Бобруйск,bobruysk,,"53.137144,29.225089",0,6,{},0,0.0,4542192,True,Belarus
106,False,113770,3,"г Витебск (Витебская область), Ленинградская 160",Ежедневно 10:00-21:00,,Img113770,1983665,Витебск,vitebsk,,"55.221234,30.118384",0,6,{},0,0.0,6257689,True,Belarus
107,False,17798,3,"г. Слуцк (Минская область), Комсомольская улица, д. 1",Ежедневно 10:00-21:00,,Img17798,1985348,Слуцк,slutsk,,"53.025254286,27.556314147",0,6,{},0,0.0,6253542,True,Belarus
108,False,1021,3,"г. Минск, ул. Скрыганова В.В., 4Д",Ежедневно 10:00-21:00,"Мы находимся в деловом и жилом миниполисе""Каскад"", который расположен в районе улиц Кальварийская- Скрыганова-Бирюзова. Проезд: до станции метро ""Молодежная"" (Автозаводская линия) выйти в сторону улицы Скрыганова (по указателю) выход на улицу направо. Пройти прямо до ближайшего светофора, перейти на противоположную сторону улицы. Далее повернуть налево, пройти 100 метров, подняться по леснице. Взять немного правее, перед детским садиком повернуть направо. По левую руку будет расположен пункт самовывоза.",Img1021,1983668,Минск,minsk,Минск и Минская обл.,"53.909328,27.520922",0,6,{},0,0.0,4542294,True,Belarus
109,False,111978,3,г Минск улица Яна Чечота 11,Ежедневно 10:00-21:00,,Img111978,1983668,Минск,minsk,Минск и Минская обл.,"53.849497,27.481587",0,6,{},0,0.0,6256889,True,Belarus
110,False,18104,3,"г. Гродно (Гродненская область), улица Максима Горького, д. 65",Ежедневно 10:00-21:00,,Img18104,1983667,Гродно,grodno,,"53.695212,23.822567",0,6,{},0,0.0,6253908,True,Belarus
111,False,108444,3,д Боровляны Улица Интернациональная  35/1,Ежедневно 10:00-21:00,,Img108444,2135491,Боровляны,borovlyany,,"53.984543,27.65979",0,6,{},0,0.0,6255957,True,Belarus
112,False,826,3,"г. Минск, ул. Притыцкого С.О., 77",Ежедневно 10:00-21:00,"Выход со ст. м. «Кунцевщина» против хода движения (при следовании поезда к конечной станции «Каменная горка»). После выхода из метро, принять правее, ориентируясь на офисное здание «Фарингейт». Пройдя по дороге между офисным зданием с правой стороны, и территорией «Западного рынка» с левой, будут видны высотные жилые здания с коричневыми фасадами. В ближайшем данном здании (адрес Притыцкого, 77) от «Западного рынка» расположен наш пункт выдачи заказов. Вход на пункт находится напротив вывески «Торговый центр ТОП»",Prytickogo2,1983668,Минск,minsk,Минск и Минская обл.,"53.905537,27.457871",0,6,{},0,0.0,4542196,True,Belarus
113,False,14706,3,"г. деревня Копище (Минская область), улица Лопатина, д. 17",Ежедневно 10:00-21:00,"Станция м. Уручье можно проехать на автобусах 33 и 99, до остановки Дмитриев Кирмаш, два раза переходите дорогу и идете под горку по ул. Лопатина до т-образного перекрестка. На перекрестке переходите дорогу и поворачиваете налево. Ориентир бизнес центр ""Премьер"", сразу за ним дом № 17. Обходите с правой стороны- вход на пункт самовывоза со двора, справа от подъезда.",Img14706,1999438,Копище,kopishche,,"53.953122,27.676519",0,6,{},0,0.0,5224259,True,Belarus
114,False,17203,3,"г. Городок (Витебская область), Невельское шоссе, д. 37",Ежедневно 10:00-21:00,,Img17203,1985422,Городок,gorodok,,"55.46936,29.974162",0,6,{},0,0.0,6118271,True,Belarus
115,False,114777,3,г Новогрудок (Гродненская обл) Дроздовича 28А,Ежедневно 10:00-21:00,,Img114777,1985394,Новогрудок,novogrudok,,"53.585192,25.799844",0,6,{},0,0.0,6257477,True,Belarus
116,False,114714,3,"г Витебск (Витебская область), улица Ленина 55",Ежедневно 10:00-21:00,,Img114714,1983665,Витебск,vitebsk,,"55.198413,30.207351",0,6,{},0,0.0,6257693,True,Belarus
117,False,114844,3,"Борисов Минская область, Борисовский район улица 1 Июля 6",Ежедневно 10:00-21:00,,Img114844,1985332,Борисов,borisov,,"54.226154,28.515937",0,6,{},0,0.0,6257814,True,Belarus
118,False,12057,3,г. Барановичи (Брестская область) Советская улица 142,Ежедневно 10:00-21:00,"Проезд на автобусах № 10, 13, 16, 19 до остановки – ул. Зои Космодемьянской. Наш ПВЗ находится в жилом доме № 142, рядом расположено Art Café «Дождик».",Img12057,1985372,Барановичи,baranovichi,,"53.12101584,26.025182212",0,6,{},0,0.0,4471741,True,Belarus
119,False,17524,3,"г. Барановичи (Брестская область), улица Франциска Скорины, д. 4А",Ежедневно 10:00-21:00,,Img17524,1985372,Барановичи,baranovichi,,"53.110019281,25.994993555",0,6,{},0,0.0,6213197,True,Belarus
120,False,115862,3, г. Минск Каролинская улица 6,Ежедневно 10:00-21:00,,Img115862,1983668,Минск,minsk,Минск и Минская обл.,"53.85104,27.4907",0,6,{},0,0.0,6257888,True,Belarus
121,False,16713,3,"г. Столин (Брестская область), улица Терешковой, д. 48Б",Ежедневно 10:00-21:00,,Img16713,1985387,Столин,stolin,,"51.903304,26.861469",0,6,{},0,0.0,5928211,True,Belarus
122,False,876,3,"г. Пинск (Брестская обл.), ул. Завальная, 29",Ежедневно 10:00-21:00,"Проезд на автобусах № 4, 6, 10, 11, 17. Остановка ""Рембыттехника"", выйдя из автобуса движемся по ул. Завальной в направлении площади Кирова. Пункт выдачи заказов находится в жилом доме на перекрестке улиц Завальная и Комсомольская, рядом с павильоном аптека Планета здоровья.",Pinsk,1985385,Пинск,pinsk,,"52.1158,26.1039",0,6,{},0,0.0,4542212,True,Belarus
123,False,109356,3,Петриков (Гомельская область) Коммунальная улица 11А,Ежедневно 10:00-21:00,,Img109356,1985411,Петриков,petrikov,,"52.12328,28.4912",0,6,{},0,0.0,6256040,True,Belarus
124,False,880,3,"г. Орша (Витебская обл.), ул. Герцена, 4",Ежедневно 10:00-21:00,"От остановки ""Школа искусств"" двигаетесь в сторону пожарной части примерно метров 100, проходите кафе ""Суши-ешко"", переходите дорогу (двигаетесь всегда прямо), проходите парикмахерскую ""Светлана"", идете ещё метров 10, слева будет небольшая лестница, поднимаетесь к магазину ""Велоспорт"", поворачиваете направо, спускаетесь по лестнице вниз, поворачиваете налево, Вы упретесь в Оршанскую редакцию, рядом с ней будет розовое здание, двигаетесь вдоль него, поворачиваете налево, там будет вход в здание. Заходите, идете прямо, под лестницей направо будет вход в наш офис.",Orsha,1985429,Орша,orsha,,"54.507526,30.426055",0,6,{},0,0.0,4542218,True,Belarus
125,False,102164,3,"г. Минск, проспект Газеты Правда, д. 42",Ежедневно 10:00-21:00,,Img102164,1983668,Минск,minsk,Минск и Минская обл.,"53.86189,27.475854",0,6,{},0,0.0,6254658,True,Belarus
126,False,109774,3,г Молодечно (Минская область) Великий Гостинец 161,Ежедневно 10:00-21:00,,Img109774,1985344,Молодечно,molodechno,,"54.296544,26.878036",0,6,{},0,0.0,6256293,True,Belarus
127,False,14643,3,"г. Минск, улица Лейтенанта Кижеватова, д. 7к2",Ежедневно 10:00-21:00,"Если двигаться со стороны метро « Институт культуры » проезд на автобусе № 45, 53, 73, троллейбусе № 43, 59 остановка « Больница скорой помощи». В сторону метро-остановка «Детская больница». Пункт самовывоза находится в жилом доме, на противоположной стороне больницы скорой помощи.",Img14643,1983668,Минск,minsk,Минск и Минская обл.,"53.851641,27.53832",0,6,{},0,0.0,5193371,True,Belarus
128,False,17857,3,"г. Минск, улица Веры Хоружей, д. 34А",Ежедневно 10:00-21:00,,Img17857,1983668,Минск,minsk,Минск и Минская обл.,"53.92301,27.56025",0,6,{},0,0.0,6253606,True,Belarus
129,False,110064,3,г Минск (Минск) Улица Пономаренко 35А,Ежедневно 10:00-21:00,,Img110064,1983668,Минск,minsk,Минск и Минская обл.,"53.892954,27.493803",0,6,{},0,0.0,6256304,True,Belarus
130,False,317,3,"г. Горки (Могилевская обл.), ул. Бруцеро-Ерофеевская, 3А",Ежедневно 10:00-21:00,"ПВЗ расположен в торговом центре «Бриллиант» на первом этаже. Проезд: до автобусной остановки СШ№2. От автобусной остановки идёте в сторону академии, пересекаете регулируемый перекрёсток по улице Бруцеро-Ерофеевская до ТЦ ""Бриллиант"". ТЦ располагается напротив магазина ""Новый город"".
",Img317,1985359,Горки,gorki,,"54.29196,30.979736",0,6,{},0,0.0,4542311,True,Belarus
131,False,1040,3,"г. Минск, ул. Чюрлениса, 6",Ежедневно 10:00-21:00,"Пункт самовывоза находиться недалеко от ТЦ Магнит, на перекрестке пр. Дзержинского и  ул. Чюрлениса, ориентир длинный бежевый дом. №115: Пройти в арку этого дома (со стороны проспекта Дзержинского), повернуть направо и идти далее вдоль дома до конца. В конце дома будет высокое  жилое здание в котором находится наш пункт самовывоза (ориентир-строительный магазин и салон СКАРЛЕТ).",Img1040,1983668,Минск,minsk,Минск и Минская обл.,"53.8544,27.478935",0,6,{},0,0.0,4542321,True,Belarus
132,False,114274,3,"г Брест, улица Фомина, д 14",Ежедневно 10:00-21:00,,Img114274,1983664,Брест,brest,,"52.087002,23.676928",0,6,{},0,0.0,6257429,True,Belarus
133,False,17553,3,"Галево (Брестская область), Первомайская улица, д. 176А/1",Ежедневно 10:00-21:00,,Img17553,2003551,Галево,galevo,,"52.141454179,26.097368645",0,6,{},0,0.0,6223754,True,Belarus
134,False,15456,3,"г. Минск, улица Голубева, д. 19",Ежедневно 10:00-21:00,"ПВЗ располагается на пересечении улицы Голубева и проспекта газеты Звезда. Проезд троллейбусами №53, 36, 39, 63; автобусами №116, 180с, 196, 156э до остановки «Московский рынок». 19-й дом располагается напротив универсама «Рублевский» на противоположной стороне. Ориентир – «Аптека +». Вход в пункт правее аптеки.",Img15456,1983668,Минск,minsk,Минск и Минская обл.,"53.86471,27.46968",0,6,{},0,0.0,5452188,True,Belarus
135,False,824,3,"г. Минск, ул. Каховская, 17",Ежедневно 10:00-21:00,"Пункт самовывоза находится в жилом доме между СШ № 37 и магазином Гиппо. Проезд на троллейбусе № 33, 38, 54, 55 и автобусе № 133 - до остановки «Червякова». От остановки идти в сторону магазина Гиппо. На трамвае № 3, 5 (в направлении ДС Озеро) и автобусе № 18, 26 -  до остановки ""В. Слуцкой"". От остановки трамвая нужно обойти школу по ул. В. Слуцкой.  Вход с лицевой стороны здания.  ",Img824,1983668,Минск,minsk,Минск и Минская обл.,"53.929938,27.546812",0,6,{},0,0.0,4542304,True,Belarus
136,False,1383,3,"г. Могилёв (Могилёвская область), Первомайская улица, д. 84А",Ежедневно 10:00-21:00,"Филиал расположен в в 200 метрах от ЖД вокзала, если стоять лицом к билетным кассам, то ПВЗ находится по правую руку в трехэтажном здании, которое стоит параллельно дороге идущей в направлении конечной остановки ""ЖД Переезд"" напротив ДК Железнодорожников.
",Img1383,1983669,Могилев,mogilev,,"53.927426,30.339025",0,6,{},0,0.0,4471612,True,Belarus
137,False,109921,3,г Витебск (Беларусь) улица Правды 66Л,Ежедневно 10:00-21:00,,Img109921,1983665,Витебск,vitebsk,,"55.186078,30.234273",0,6,{},0,0.0,6256284,True,Belarus
138,False,12614,3,"г. Минск, улица Калиновского, д. 101",Ежедневно 10:00-21:00,"Пункт самовывоза находится в жилом здании справа от Белгосстраха, которое расположено в 20-ти метрах за Диспетчерской станцией «Калиновского». Проезд: ост. «Калиновского», авт. № 91, 139, 35, 37, 87с, 921; трол.: 61, 2.
",Img12614,1983668,Минск,minsk,Минск и Минская обл.,"53.943647,27.641431",0,6,{},0,0.0,4471860,True,Belarus
139,False,18480,3,"г. Ганцевичи (Брестская область), Красноармейская улица, д. 14",Ежедневно 10:00-21:00,,Img18480,1985374,Ганцевичи,gantsevichi,,"52.758857615,26.433067246",0,6,{},0,0.0,6254737,True,Belarus
140,False,17390,3,"г. Бобруйск (Могилёвская область), улица Урицкого, д. 94",Ежедневно 10:00-21:00,,Img17390,1985357,Бобруйск,bobruysk,,"53.144004,29.234611",0,6,{},0,0.0,6159890,True,Belarus
141,False,1171,3,г. Гомель (Гомельская область) ул. Головацкого 140,Ежедневно 10:00-21:00,"Пункт самовывоза находится на цокольном этаже жилого дом, между улицей Мазурова и объездной дорогой Восточный обход. Рядом находится строящееся здание МЧС. Проезд  до остановки ул.Головацкого автобусами № 20, 17, 18, 34, 33, 5а, 36, 28; троллейбусами № 16, 21, 9, 23, 25; Проезд до остановки Храм святителя Николая Чудотворца автобусом № 27.",Img1171,1983666,Гомель,gomel,,"52.451092,31.029159",0,6,{},0,0.0,4471432,True,Belarus
142,False,16117,3,"г. Минск, улица Бумажкова, д. 37А",Ежедневно 10:00-21:00,,Img16117,1983668,Минск,minsk,Минск и Минская обл.,"53.904932,27.61932",0,6,{},0,0.0,5615231,True,Belarus
143,False,105329,3,"г. Жодино (Минская область), проспект Ленина, д. 15Б",Ежедневно 10:00-21:00,,Img105329,1985337,Жодино,zhodino,,"54.096846,28.295181",0,6,{},0,0.0,6255149,True,Belarus
144,False,18089,3,"г. Несвиж (Минская область), 1-й Советский переулок, д. 2А",Ежедневно 10:00-21:00,,Img18089,1985347,Несвиж,nesvizh,,"53.221331452,26.677147593",0,6,{},0,0.0,6253868,True,Belarus
145,False,899,3,"г. Гродно, ул. Победы, 28",Ежедневно 10:00-21:00,"Мы находимся в офисном 4-х этажном здании, магазин ""Пчаляр"". Вход с левой стороны,с торца, напротив два клуба ""Метро"" и ""База"". 
Если ехать с центра,то к нам Вы попадете на автобусе 8, 21, 22 , выходите на остановке ""Плодоовощесервис,улица Томина, если стать лицом к дороге, идете на пешеходный переход, поворачиваете на право, и вы увидите нашу вывеску. 
Если ехать с микрорайона ""Вишневец"", едете на автобусе 2,8, 21, 22, выходите на остановке "" Плодоовощесервис"".",Grodnonew,1983667,Гродно,grodno,,"53.654333,23.831568",0,6,{},0,0.0,4542186,True,Belarus
146,False,101557,3,"г. Солигорск (Минская область), проспект Мира, д. 32Б",Ежедневно 10:00-21:00,,Img101557,1985351,Солигорск,soligorsk,,"52.784645576,27.522644017",0,6,{},0,0.0,6254230,True,Belarus
147,False,16589,3,"г. Солигорск (Минская область), Железнодорожная улица, д. 12А",Ежедневно 10:00-21:00,,Img16589,1985351,Солигорск,soligorsk,,"52.794323764,27.544766731",0,6,{},0,0.0,5779614,True,Belarus
148,False,13427,3,"г. Минск, улица Одинцова, д. 20",Ежедневно 10:00-21:00,"Со станции метро «Каменная Горка» проезд троллейбусам №9 до остановки «Универсам Родная Сторона», перейти дорогу на противоположную сторону. Пункт самовывоза находится с правого торца здания магазина Корона, Пятый Элемент. 
",Img13427,1983668,Минск,minsk,Минск и Минская обл.,"53.900671,27.44673",0,6,{},0,0.0,4627145,True,Belarus
149,False,110739,3,"г Каменец (Брестская область, Каменецкий район) Пограничная улица 4",Ежедневно 10:00-21:00,,Img110739,1985379,Каменец,kamenets,,"52.403979,23.818116",0,6,{},0,0.0,6256748,True,Belarus
150,False,18396,3,"г. Пинск (Брестская область), Центральная улица, д. 80",Ежедневно 10:00-21:00,,Img18396,1985385,Пинск,pinsk,,"52.136835,26.09905",0,6,{},0,0.0,6254450,True,Belarus
151,False,15481,3,"г. Минск (Минская область), улица Академика Фёдорова, д. 1",Ежедневно 10:00-21:00,Пункт самовывоза расположен на 2 этаже офисного здания,Img15481,1983668,Минск,minsk,Минск и Минская обл.,"53.88298,27.425072",0,6,{},0,0.0,5456727,True,Belarus
152,False,1034,3,"г. Новогрудок (Гродненская обл.), ул. 1 Мая, 2",Ежедневно 10:00-21:00,"Находясь на центральной площади города Новогрудок, проходите к магазину ювелирных изделий ZIKO, после обходите его с левой стороны минуя магазин Sandal, идете прямо во внутренний дворик и по левой стороне в здании желто-синего цвета, четвертая дверь с вывеской Wildberries.",novogrud,1985394,Новогрудок,novogrudok,,"53.59947,25.82681",0,6,{},0,0.0,4542317,True,Belarus
153,False,15316,3,"г. Скидель (Гродненская область), Летняя улица, д. 17",Ежедневно 10:00-21:00,,Img15316,1985472,Скидель,skidel,,"53.59145,24.235565",0,6,{},0,0.0,5427978,True,Belarus
154,False,101915,3,"г. Дубровно (Витебская область), улица Лопанькова, д. 14",Ежедневно 10:00-21:00,,Img101915,1985424,Дубровно,dubrovno,,"54.571437,30.68494",0,6,{},0,0.0,6254981,True,Belarus
155,False,104293,3,"г. Минск, проспект Дзержинского, д. 23",Ежедневно 10:00-21:00,,Img104293,1983668,Минск,minsk,Минск и Минская обл.,"53.882827,27.507734",0,6,{},0,0.0,6254669,True,Belarus
156,False,107928,3,"г. Могилев(Могилёвская область), ул. Мовчанского, д. 24б",Ежедневно 10:00-21:00,,Img107928,1983669,Могилев,mogilev,,"53.876128,30.363449",0,6,{},0,0.0,6255673,True,Belarus
157,False,13964,3,"г. Заславль (Минская область), Набережная улица, д. 1",Ежедневно 10:00-21:00,"Если идти от ближайшей ж/д станции ""Беларусь"", пройти через ж/д переезд в сторону парка, пройти вперед 300 метров по ул. Советской, повернуть направо и пройти по рыночной площади 100 метров.
Если идти от центральной площади (от остановочного пункта маршрутного такси), то нужно пройти по ул. Великой до ул. Советской, повернуть налево, пройти 150 метров и повернуть налево на рыночную площадь.
ПВЗ находится на первом этаже двухэтажного здания торгового центра, с красной крышей, стоящего на рыночной площади.
",Img13964,1985527,Заславль,zaslavl,,"54.004153,27.288941",0,6,{},0,0.0,4928508,True,Belarus
158,False,16612,3,"г. Минск, улица Олешева, д. 3",Ежедневно 10:00-21:00,,Img16612,1983668,Минск,minsk,Минск и Минская обл.,"53.945105024,27.605147306",0,6,{},0,0.0,5789222,True,Belarus
159,False,1161,2,"г. Глубокое (Витебская обл.), ул. Энгельса, д. 41",Ежедневно 10:00-21:00,"Садитесь на автобус № 1, едите до автостанции, выходите, будет магазин Созвездие, сама Автостанция, проходите автостанцию и перед самой по правую руку увидите Библиотеку, проходите метров 10 и видите ПВЗ Глубокое, которое находится на первом этаже в здании Бьюти Дент.",Img1161,1985421,Глубокое,glubokoe,,"55.143633,27.683836",0,6,{},0,0.0,4471422,True,Belarus
160,False,1045,3,"г. Кричев (Могилевская обл.), ул. Ленинская, 31",Ежедневно 10:00-21:00,"Добраться нашего ПВЗ можно на любом автобусе или маршрутном такси. Если  Вы едете в сторону жд Вокзала, то выходите на остановке Площадь Ленина и сразу с правой стороны расположен наш пункт самовывоза. Если же едите со стороны жд вокзала, то выходите на остановке ТД «Век», переходите по пешеходному переходу на противоположную сторону и возвращаетесь метров 100 обратно на остановку Площадь Ленина, как ехать в сторону жд вокзала. Проходите гостиницу «Сож», детскую библиотеку, кафе.
",Img1045,1985365,Кричев,krichev,,"53.694561,31.71667",0,6,{},0,0.0,4542323,True,Belarus
161,False,18175,3,"г. Воложин (Минская область), Советская улица, д. 9",Ежедневно 10:00-21:00,,Img18175,1985335,Воложин,volozhin,,"54.090945097,26.524882352",0,6,{},0,0.0,6254113,True,Belarus
162,False,14653,3,"г. Минск, улица Алибегова, д. 26",Ежедневно 10:00-21:00,"На автобусе № 28, 30, либо троллейбусах № 25, 36 до остановки ""Улица Алибегова"", слева от паркинга будет находиться жилой дом по адресу Алибегова 26, вход в пункт выдачи находится с обратной стороны здания на цокольном этаже, спуск по лестнице первая дверь по правой стороне.",Img14653,1983668,Минск,minsk,Минск и Минская обл.,"53.872284,27.478953",0,6,{},0,0.0,5204597,True,Belarus
163,False,16823,3,"г. Минск, улица Максима Богдановича, д. 134",Ежедневно 10:00-21:00,,Img16823,1983668,Минск,minsk,Минск и Минская обл.,"53.937338,27.584301",0,6,{},0,0.0,5945219,True,Belarus
164,False,110615,3,г Ивье (Гродненская обл) улица 1 Мая 17А,Ежедневно 10:00-21:00,,Img110615,1985390,Ивье,ive,,"53.932918,25.768312",0,6,{},0,0.0,6256673,True,Belarus
165,False,101437,3,"г. Гомель (Гомельская область), улица Гагарина, д. 63",Ежедневно 10:00-21:00,,Img101437,1983666,Гомель,gomel,,"52.42351,30.99934",0,6,{},0,0.0,6254071,True,Belarus
166,False,13823,3,"г. Минск, Слободская улица, д. 27",Ежедневно 10:00-21:00,"На автобусе №23, 32с, 74с, 75, 84, 103, 104, 147 до остановки «Переход к авторынку», не переходя дорогу, за жилым домом будет магазин «Брусничка». Пункт самовывоза находится с правого торца здания магазина.",Img13823,1983668,Минск,minsk,Минск и Минская обл.,"53.858245,27.432905",0,6,{},0,0.0,4863040,True,Belarus
167,False,11728,3,"г. Минск, Партизанский проспект, 66",Ежедневно 10:00-21:00,"Остановка ст.м. Партизанская,выход в сторону Партизанского проспекта в направлении к выезду из города. При выходе вы увидите салон «VELCOM». До ПВЗ 150 метров в сторону «Рынка» по правой стороне движения проспекта. По пути будет магазин «Белита-Витекс», а так же дежурная аптека. Наш пункт самовывоза находится через два дома от аптеки. Напротив входа через проспект  «Школа Танцев»",Img11728,1983668,Минск,minsk,Минск и Минская обл.,"53.872885,27.636342",0,6,{},0,0.0,4471626,True,Belarus
168,False,1025,3,"г. Минск, ул. Шпилевского П., 57",Ежедневно 10:00-21:00,"Проезд троллейбусами № 6, 11, 15, 24, автобусами № 2с, 65, 123, 124. Остановка пер. Чижевских. Двигаемся в сторону железной дороги 150 метров по левой стороне улицы Павла Шпилевского. ПВЗ располагается между автошколой ЧП «Спецавтомастер» и аптекой «Добрыя Лекi», вход находится в пяти метрах правее фирменной вывески.
",Img1025,1983668,Минск,minsk,Минск и Минская обл.,"53.845429,27.565041",0,6,{},0,0.0,4542307,True,Belarus
169,False,16427,3,"г. Гомель (Гомельская область), улица Тельмана, 3",Ежедневно 10:00-21:00,,Img16427,1983666,Гомель,gomel,,"52.438843,31.007059",0,6,{},0,0.0,5721274,True,Belarus
170,False,904,3,"г. Молодечно (Минская обл.), ул. Маркова, 16",Ежедневно 10:00-21:00,"Доехать до самовывоза можно маршрутами автобусов № 1, 2, 4 и 7. Автобусы останавливаются на остановке «Батлейка». Необходимой выйти на остановке, перейти дорогу по не регулируемому пешеходному переходу в сторону улицы Маркова, далее двигаться прямо по улице Маркова, с правой стороны у Вас будет жилой пятиэтажный дом, после которого будет расположено двухэтажное офисное здание, в котором и находится пункт самовывоза. ",Img904,1985344,Молодечно,molodechno,,"54.303631,26.824876",0,6,{},0,0.0,4542226,True,Belarus
171,False,102129,3,"г. Могилёв (Могилёвская область), Днепровский бульвар, д. 4",Ежедневно 10:00-21:00,,Img102129,1983669,Могилев,mogilev,,"53.900674,30.358213",0,6,{},0,0.0,6254152,True,Belarus
172,False,15295,3,"г. Ошмяны (Гродненская область), Борунская улица, д. 3Г",Ежедневно 10:00-21:00,,Img15295,1985395,Ошмяны,oshmyany,,"54.423836,25.938644",0,6,{},0,0.0,5425067,True,Belarus
173,False,107126,3,г Сморгонь (Гродненская обл) Советская 17,Ежедневно 10:00-21:00,,Img107126,1985399,Сморгонь,smorgon,,"54.481113,26.396051",0,6,{},0,0.0,6255886,True,Belarus
174,False,103148,3,"г. Чаусы (Могилёвская область), улица Фрунзе, д. 39Б",Ежедневно 10:00-21:00,,Img103148,1985369,Чаусы,chausy,,"53.805217,30.975877",0,6,{},0,0.0,6254857,True,Belarus
175,False,112260,3,"г Минск, улица Притыцкого 91",Ежедневно 10:00-21:00,,Img112260,1983668,Минск,minsk,Минск и Минская обл.,"53.906037,27.443697",0,6,{},0,0.0,6257109,True,Belarus
176,False,1068,3,"г. Минск, ул. Гамарника, 2",Ежедневно 10:00-21:00,"Пункт самовывоза находится в жилом доме, расположенном на пересечении Логойского тракта и ул. Гамарника, справа от ТЦ Норд Сити. Вход с улицы с правой стороны от ЗАГСа и нотариальной конторы Советского р-на. До ПВЗ можно доехать на троллейбусе № 2 до остановки Логойский тракт, на автобусе № 35, 109в, 133, 157, 162, 921 до остановки ДС Карбышева, на трамвае № 5, 1, 6, 11 до остановки ДС Зеленый луг. 
",Img1068,1983668,Минск,minsk,Минск и Минская обл.,"53.956873,27.619726",0,6,{},0,0.0,4542338,True,Belarus
177,False,13720,3,"г. Новополоцк (Витебская область), улица Денисова, д. 2А",Ежедневно 10:00-21:00,"До пункта самовывоза можно доехать на автобусе или маршрутном такси № 2, 4, 5, 7, 8, 10а, 16 до остановки «Подкастельцы». Далее нужно перейти дорогу к дому, в котором располагается спортивный зал «GYM Исток». Вход на наш пункт располагается между первым и вторым подъездом данного дома. Пункт видно с главной дороги, вид на улицу «Молодёжная», вывеска есть.",Img13720,1985428,Новополоцк,novopolotsk,,"55.51277,28.692334",0,6,{},0,0.0,4810536,True,Belarus
178,False,111255,3,г Пинск проспект Ивана Жолтовского 26  ,Ежедневно 10:00-21:00,,Img111255,1985385,Пинск,pinsk,,"52.135386,26.067382",0,6,{},0,0.0,6256621,True,Belarus
179,False,112868,3,Чашники (Витебская область) улица Гагарина 31-1,Ежедневно 10:00-21:00,,Img112868,1985434,Чашники,chashniki,,"54.842757,29.198364",0,6,{},0,0.0,6257296,True,Belarus
180,False,1146,3,"г. Речица (Гомельская обл.), ул. Достоевского, 27",Ежедневно 10:00-21:00,"От автобусной остановки ""Аграрный колледж"" поворачиваемся в сторону центра и двигаемся до первого перекрестка, поворачиваем налево так же двигаемся до первого перекрестка, сразу за которым по левой стороне находится здание первая дверь на пункт самовывоза.
",Img1146,1985412,Речица,rechitsa,,"52.361104,30.411882",0,6,{},0,0.0,4542385,True,Belarus
181,False,109808,3,г Гродно (Гродненская область) улица Щорса 27А,Ежедневно 10:00-21:00,,Img109808,1983667,Гродно,grodno,,"53.679853,23.858867",0,6,{},0,0.0,6256326,True,Belarus
182,False,919,3,"г. Светлогорск (Гомельская обл.), ул. Социалистическая, 65",Ежедневно 10:00-21:00,"Остановка ""Городская больница"" (автобус 1, 1а, 5), выходим на остановке и направляемся к городской бане, слева от бани располагается двухэтажное здание, на первом этаже располагается пункт выдачи заказов.
",Svetlogorsk,1985415,Светлогорск,svetlogorsk,,"52.638038,29.737543",0,6,{},0,0.0,4542227,True,Belarus
183,False,103018,3,"г. Минск, 2-й переулок Тимошенко, д. 2",Ежедневно 10:00-21:00,,Img103018,1983668,Минск,minsk,Минск и Минская обл.,"53.895326,27.462177",0,6,{},0,0.0,6254206,True,Belarus
184,False,110206,3,г Минск (Минск) ул. Михася Лынькова 17,Ежедневно 10:00-21:00,,Img110206,1983668,Минск,minsk,Минск и Минская обл.,"53.927351,27.491574",0,6,{},0,0.0,6256315,True,Belarus
185,False,111028,3,"  Гродненская область, Дятловский район Дятлово площадь 17 Сентября 5А",Ежедневно 09:00-21:00,,Img111028,1985389,Дятлово,dyatlovo,,"53.464927,25.406788",0,6,{},0,0.0,6256623,True,Belarus
186,False,113974,4,г Минск улица Воронянского 7А,Ежедневно 10:00-21:00,,Img113974,1983668,Минск,minsk,Минск и Минская обл.,"53.878267,27.542904",0,6,{},0,0.0,6257761,True,Belarus
187,False,16878,3,"г. Минск, Слободская улица, д. 57",Ежедневно 10:00-21:00,,Img16878,1983668,Минск,minsk,Минск и Минская обл.,"53.854799,27.438843",0,6,{},0,0.0,5973109,True,Belarus
188,False,111029,3,"Ельск Гомельская область, Ельский район улица 50 лет СССР 31-31",Ежедневно 10:00-21:00,,Img111029,1985403,Ельск,elsk,,"51.808465,29.173076",0,6,{},0,0.0,6256881,True,Belarus
189,False,13711,3,"г. Минск, улица Кирилла Туровского, д. 10",Ежедневно 10:00-21:00,"Пункт самовывоза находится в шаговой доступности от станции метро “Восток”. Выход на правую сторону по ходу движения метро. Ориентир – торговый центр «DANA MАLL». Проходим вдоль ТЦ «DANA MАLL» и поворачиваем направо на улицу Кирилла Туровского. Двигаемся  к торговому центру «Променад». Входим в главные двери, поднимаемся по ступенькам, поворачиваем направо, затем  налево, и Вы у пункта выдачи заказов.",Img13711,1983668,Минск,minsk,Минск и Минская обл.,"53.932018,27.655085",0,6,{},0,0.0,4806175,True,Belarus
190,False,114277,3,"г Минск, улица Ленина, д. 9",Ежедневно 10:00-21:00,,Img114277,1983668,Минск,minsk,Минск и Минская обл.,"53.900319,27.559999",0,6,{},0,0.0,6257432,True,Belarus
191,False,1008,3,"г. Жлобин (Гомельская обл.), мкр. 3, 12",Ежедневно 10:00-21:00,"От остановки по маршруту автобуса № 23, № 7 пройти на лево по улице Шоссейная приблизительно 100 м, магазин «Вайлдберриз» находиться по правой стороне улицы, ориентир здание Аптеки №201
",Img1008,1985405,Жлобин,zhlobin,,"52.885381,30.035008",0,6,{},0,0.0,4542285,True,Belarus
192,False,114467,3,Красносельский (Гродненская обл)Пролетарская 10,Ежедневно 10:00-21:00,,Img114467,2074608,Красносельский,krasnoselskiy,,"53.258554,24.427006",0,6,{},0,0.0,6257459,True,Belarus
193,False,104649,3,"г. Марьина Горка (Минская область), улица Новая Заря, д. 22Б",Ежедневно 10:00-21:00,,Img104649,1985542,Марьина Горка,marina-gorka,,"53.503729,28.170789",0,6,{},0,0.0,6254762,True,Belarus
194,False,111137,3,Могилев Могилёвская область Витебский проспект 14,Ежедневно 10:00-21:00,,Img111137,1983669,Могилев,mogilev,,"53.883516,30.409033",0,6,{},0,0.0,6256863,True,Belarus
195,False,105516,3,"г. Мосты (Гродненская область), Песочная улица, д. 11",Ежедневно 10:00-21:00,,Img105516,1985393,Мосты,mosty,,"53.409394,24.536598",0,6,{},0,0.0,6255028,True,Belarus
196,False,114742,3,"г Могилев (Могилевская обл), Первомайская улица 60",Ежедневно 10:00-21:00,,Img114742,2373288,Могилёв,mogilev,,"53.914757,30.341329",0,6,{},0,0.0,6257550,True,Belarus
197,False,17578,3,"г. Лида (Гродненская область), улица Южный Городок, д. 6А",Ежедневно 10:00-21:00,,Img17578,1985391,Лида,lida,,"53.8742561,25.3430977",0,6,{},0,0.0,6226775,True,Belarus
198,False,105295,3,г. Смолевичи (Минская обл) ул. Толстого 2Б,Ежедневно 10:00-21:00,,Img105295,1985350,Смолевичи,smolevichi,,"54.025506,28.077363",0,6,{},0,0.0,6255012,True,Belarus
199,False,16941,3,"г. Барановичи (Брестская область), Пролетарская улица, д. 32",Ежедневно 10:00-21:00,,Img16941,1985372,Барановичи,baranovichi,,"53.145712478,26.012206509",0,6,{},0,0.0,6028490,True,Belarus
200,False,114591,3,"г Минск, Улица Кальварийская 62",Ежедневно 10:00-21:00,,Img114591,1983668,Минск,minsk,Минск и Минская обл.,"53.910411,27.508235",0,6,{},0,0.0,6257514,True,Belarus
201,False,105246,3,"г. Климовичи (Могилёвская область), улица Ленина, д. 23А",Ежедневно 10:00-21:00,,Img105246,1985362,Климовичи,klimovichi,,"53.619606,31.944713",0,6,{},0,0.0,6254891,True,Belarus
202,False,106231,3,г. Вилейка (Минская обл) Привокзальная 44,Ежедневно 10:00-21:00,,Img106231,1985334,Вилейка,vileyka,,"54.501264,26.928988",0,6,{},0,0.0,6255424,True,Belarus
203,False,1255,3,"г. Минск, ул. Змитрока Бядули, 5",Ежедневно 10:00-21:00,"Пункт самовывоза находится на противоположной стороне Военного кладбища, выходить нужно на остановке Змитрока Бядули (трамвай 6, 3).А так же остановка Берестянская (автобусы 19, 901). Пройти нужно во двор, 2 минуты от отстановки. Вход со стороны дороги (4-х этажный дом). Напротив магазина ""Фабрика Здоровья"".",Img1255,1983668,Минск,minsk,Минск и Минская обл.,"53.906154,27.584243",0,6,{},0,0.0,4471509,True,Belarus
204,False,105522,3,"г. Новолукомль (Витебская область), Коммунальная улица, д. 1",Ежедневно 10:00-21:00,,Img105522,1985579,Новолукомль,novolukoml,,"54.654123,29.146195",0,6,{},0,0.0,6255206,True,Belarus
205,False,11865,3,г. Брест (Брестская область) Партизанский проспект д. 10,Ежедневно 10:00-21:00,"Выходите на остановке Партизанский проспект (микрорайон Восток). Идете в сторону ""БеларусБанка"" (справа от остановки как ехать в центр) по Партизанскому проспекту. Проходите его и на перекрестке со светофором переходите дорогу (прямо). Слева находится д. №10 с торговыми объектами. Заходите в центральную дверь магазина, потом поворачиваете налево, затем опять налево и с правой стороны находится наш пункт самовывоза.",Img11865,1983664,Брест,brest,,"52.1022254,23.7615072",0,6,{},0,0.0,4471673,True,Belarus
206,False,114163,3,"г Кличев (Могилёвская область), Ленинская улица 83",Ежедневно 10:00-21:00,,Img114163,1985363,Кличев,klichev,,"53.494207,29.336446",0,6,{},0,0.0,6257579,True,Belarus
207,False,114155,3,"Зельва (Гродненская область), Вокзальная улица 21",Ежедневно 10:00-21:00,,Img114155,2074596,Зельва,zelva,,"53.15314,24.805894",0,6,{},0,0.0,6257738,True,Belarus
208,False,114231,3,"г Гомель (Гомельская область), 8-я Иногородняя 4",Ежедневно 10:00-21:00,,Img114231,1983666,Гомель,gomel,,"52.446403,30.944479",0,6,{},0,0.0,6257709,True,Belarus
209,False,112571,3,"г Минск, улица Михаила Гебелева 1",Ежедневно 10:00-21:00,,Img112571,1983668,Минск,minsk,Минск и Минская обл.,"53.900973,27.540536",0,6,{},0,0.0,6257895,True,Belarus
210,False,15381,3,"г. Минск, улица Болеслава Берута, д. 3Б",Ежедневно 10:00-21:00,"Пункт самовывоза находится на первом этаже бизнес центра ""Пушкинский"". От остановки общественного транспорта ""ст. м. Пушкинская"" пройти 200 метров по улице Притыцкого в сторону центра города, повернуть направо на улицу Берута. Через 400 метров по левой стороне находится БЦ, вход в ПВЗ первый по ходу движения.",Img15381,1983668,Минск,minsk,Минск и Минская обл.,"53.9057009,27.5025007",0,6,{},0,0.0,5440649,True,Belarus
211,False,114151,3,"г Могилев (Могилевская область), бульвар Непокорённых 72   ",Ежедневно 10:00-21:00,,Img114151,1983669,Могилев,mogilev,,"53.868711,30.341419",0,6,{},0,0.0,6257540,True,Belarus
212,False,15802,3,"г. Минск, проспект Машерова, д. 78",Ежедневно 10:00-21:00,"ПВЗ находится в отдельно стоящем здании, на первом этаже. Ориентир - суши бар ""Суши Вёсла"", магазин ""Арарат"". Проезд с остановки общественного транспорта ""Ленинградская"" (железнодорожный вокзал) на автобусе № 151Э либо троллейбусе № 58 до остановки ""Тимирязева"" (перекресток улицы Тимирязева и проспекта Машерова). Не переходя проезжую часть проходим 400 метров по проспекту Машерова в сторону проспекта Победителей.",Img15802,1983668,Минск,minsk,Минск и Минская обл.,"53.912633054,27.531608234",0,6,{},0,0.0,5522725,True,Belarus
213,False,17552,3,"г. Минск, переулок Корженевского, д. 6Б",Ежедневно 10:00-21:00,,Img17552,1983668,Минск,minsk,Минск и Минская обл.,"53.846077,27.526258",0,6,{},0,0.0,6221130,True,Belarus
214,False,16571,3,"г. Минск, Налибокская улица, д. 38",Ежедневно 10:00-21:00,,Img16571,1983668,Минск,minsk,Минск и Минская обл.,"53.928409411,27.431149123",0,6,{},0,0.0,5778978,True,Belarus
215,False,114386,3,г Брест (Брестская область) улица Октябрьской Революции 7А,Ежедневно 10:00-21:00,,Img114386,1983664,Брест,brest,,"52.080872,23.745172",0,6,{},0,0.0,6257879,True,Belarus
216,False,15297,3,"г. Брест (Брестская область), Комсомольская улица, д. 23/1",Ежедневно 10:00-21:00,"ПВЗ находится между улицами Мицкевича и Пушкинская, напротив кафе ""На Вознесенской"". Доехать можно автобусом № 20, 31; троллейбусом № 1, 3, 4, 8 до остановки Комсомольская, пройти в сторону ул. Пушкинской 100 м. за детским садом свернуть во двор и пройти за шлагбаум.",Img15297,1983664,Брест,brest,,"52.095428,23.6868009",0,6,{},0,0.0,5427139,True,Belarus
217,False,16017,3,"г. Молодечно (Минская область), улица Мира, д. 10А",Ежедневно 10:00-21:00,,Img16017,1985344,Молодечно,molodechno,,"54.297962,26.856016",0,6,{},0,0.0,5581018,True,Belarus
218,False,114629,3,"г Гомель (Гомельская область), проспект Космонавтов 98  ",Ежедневно 10:00-21:00,,Img114629,1983666,Гомель,gomel,,"52.457333,30.952416",0,6,{},0,0.0,6257886,True,Belarus
219,False,17182,3,"г. Минск, улица Гурского, д. 45",Ежедневно 10:00-21:00,,Img17182,1983668,Минск,minsk,Минск и Минская обл.,"53.878550839,27.496732808",0,6,{},0,0.0,6094213,True,Belarus
220,False,17561,3,"г. Витебск (Витебская область), проспект Черняховского, д. 44",Ежедневно 10:00-21:00,,Img17561,1983665,Витебск,vitebsk,,"55.168475,30.198449",0,6,{},0,0.0,6224804,True,Belarus
221,False,16806,3,"г. Гомель (Гомельская область), улица Царикова, д. 20А",Ежедневно 10:00-21:00,,Img16806,1983666,Гомель,gomel,,"52.447312,30.966446",0,6,{},0,0.0,5944477,True,Belarus
222,False,15755,3,"г. Минск, улица Матусевича, д. 64",Ежедневно 10:00-21:00,"Пункт самовывоза находится на пересечении улиц Матусевича и Домбровская, на первом этаже жилого здания со стороны дороги. На противоположной стороне находится магазин «Евроопт». От метро Пушкинская автобус 107 до остановки « Аладовых». Проходящие автобусы 78, 40.",Img15755,1983668,Минск,minsk,Минск и Минская обл.,"53.917741168,27.457293526",0,6,{},0,0.0,5511350,True,Belarus
223,False,17946,3,"г. Житковичи (Гомельская область), улица Чкалова, д. 6",Ежедневно 10:00-21:00,,Img17946,1985404,Житковичи,zhitkovichi,,"52.216072412,27.853700975",0,6,{},0,0.0,6253705,True,Belarus
224,False,105404,3,"г. Клецк, Минская обл, Толстого  26",Ежедневно 10:00-21:00,,Img105404,1985339,Клецк,kletsk,,"53.063738,26.631283",0,6,{},0,0.0,6255181,True,Belarus
225,False,102188,3,"г. Волковыск (Гродненская область), улица Ленина, д. 24",Ежедневно 10:00-21:00,,Img102188,2130198,Волковыск,volkovysk,,"53.161369,24.456723",0,6,{},0,0.0,6254133,True,Belarus
226,False,12035,3,"г. Минск, улица Бельского, д. 12",Ежедневно 10:00-21:00,"Выходите из метро Спортивная (выход только в одном направлении, поднимаясь по лестнице выходите направо, затем пройдя по переходу выходите опять направо), выйдя из метро нужно пройти по ул. Бельского пешком 5 мин, проходите светофор, спускаетесь вниз по лестнице. Дом начинается с магазина « Мила», напротив пункта через дорогу находится универсам «Славянский».",Img12035,1983668,Минск,minsk,Минск и Минская обл.,"53.905111,27.480718",0,6,{},0,0.0,4471735,True,Belarus
227,False,105208,3,"г. Минск, Нёманская улица, д. 3",Ежедневно 10:00-21:00,,Img105208,1983668,Минск,minsk,Минск и Минская обл.,"53.909728,27.420303",0,6,{},0,0.0,6254913,True,Belarus
228,False,109216,3,г Полоцк (Витебская обл) пр-кт Франциска Скорины 23,Ежедневно 10:00-21:00,,Img109216,1985430,Полоцк,polotsk,,"55.48463,28.781232",0,6,{},0,0.0,6256012,True,Belarus
229,False,947,3,"г. Волковыск (Волковысский р-н.), ул. Советская, 64В",Ежедневно 10:00-21:00,"При движении автобусом № 1 от мясокомбината к лесхозу выходите на остановке ""ул. Советская"". Пункт выдачи заказов расположен прямо напротив остановки на расстоянии 10 м в правой стороне желтого здания, в левой стороне здания расположены магазины ""Пинскдрев Спи-Салон"" и ""Керамин"".
",Volkovisk,2130198,Волковыск,volkovysk,,"53.163061,24.477618",0,6,{},0,0.0,4542248,True,Belarus
230,False,990,3,"г. Минск, ул. Городецкая, 15",Ежедневно 10:00-21:00,"Выходите на станции метро «Уручье», по ходу движения поезда. В переходе поворачиваете налево, и далее лестница налево. На улице поворачиваете направо. По улице Ложинская, до перекрестка с улицей Городецкая. На перекрестке, не переходя дорогу, поворачиваете направо.",Img990,1983668,Минск,minsk,Минск и Минская обл.,"53.948582,27.683986",0,6,{},0,0.0,4542271,True,Belarus
231,False,115771,3,г Минск улица Руссиянова 4,Ежедневно 10:00-21:00,,Img115771,1983668,Минск,minsk,Минск и Минская обл.,"53.94327,27.685914",0,6,{},0,0.0,6257920,True,Belarus
232,False,14906,3,"г. Жодино (Минская область), улица Дмитрия Сырокваша, д. 1",Ежедневно 10:00-21:00,"Пункт выдачи заказов находится рядом с горисполкомом, напротив проходной завода БелАЗ. Проезд автобусами № 1, 2, 5, 7 до остановки ул. Сырокваша. Далее необходимо пройти 50 метров в сторону горисполкома. Вход с торца здания.",Img14906,1985337,Жодино,zhodino,,"54.09603,28.32254",0,6,{},0,0.0,5298655,True,Belarus
233,False,867,3,"г. Минск, Партизанский проспект, д. 128",Ежедневно 10:00-21:00,"На метро до станции Автозаводская: при движении поезда по направлению "" Каменная Горка - Могилевская"" выйти по ходу движения поезда, при выходе из дверей направо, далее необходима лестница направо для выхода из подземного перехода на остановку. Далее проехать одну остановку на автобусе № 9, 9д, 16, 21, 22, 87с, 93 или троллейбусе № 3, 34, 67 (выйти необходимо на остановке Котовского). Затем необходимо пройти вперёд до перекрестка, подняться по ступенькам вверх, справа будет магазин ""Остров чистоты"".",Img867,1983668,Минск,minsk,Минск и Минская обл.,"53.865281,27.659541",0,6,{},0,0.0,4471369,True,Belarus
234,False,12612,3,"г. Минск, улица Кульман, д. 14",Ежедневно 10:00-21:00,"Если ехать на метро, то остановка ст. м. Якуба Коласа, выходите в сторону Комаровского рынка. По правую сторону от Вас будет торговый центр Импульс и Пассаж. Пересекаете Комаровский сквер по диагонали, пока справа от Вас не окажется ресторан Лидо, слева ТЦ Атлантик (идёте вдоль него). Далее Вы выйдите на дорогу с односторонним движением по ул. Кульман, переходите через дорогу по пешеходному переходу, поворачиваете налево и идете вдоль дороги, пока по правой стороне не увидите вывеску. Автобус № 136, 44, 59, 91. Троллейбус № 29.",Img12612,1983668,Минск,minsk,Минск и Минская обл.,"53.921158,27.581903",0,6,{},0,0.0,4471859,True,Belarus
235,False,12104,3,"г. Минск, улица Янки Купалы, д. 7",Ежедневно 10:00-21:00,"Выходите из метро Октябрьское к дому офицеров, далее необходимо спускаться про пр. Независимости до светофора, а затем повернуть направо. Далее двигаетесь по улице Янки Купалы. Пвз Янки Купалы находится в 2-х минутах ходьбы, по противоположной стороне парка, напротив Хоккейного клуба ""Юность-Минск"".",Img12104,1983668,Минск,minsk,Минск и Минская обл.,"53.90066,27.569709",0,6,{},0,0.0,4471761,True,Belarus
236,False,18119,3,"г. Минск, улица Гинтовта, д. 30",Ежедневно 10:00-21:00,,Img18119,1983668,Минск,minsk,Минск и Минская обл.,"53.9527037,27.6829223",0,6,{},0,0.0,6253967,True,Belarus
237,False,860,3,"г. Мозырь (Гомельская обл.), ул. Советская, 128",Ежедневно 10:00-21:00,"ПВЗ расположен в жилом доме на центральной улице вблизи площади, напротив речного вокзала. Добраться можно на любом транспорте.
",mozyr,1985408,Мозырь,mozyr,,"52.050736,29.263483",0,6,{},0,0.0,4542182,True,Belarus
238,False,17551,3,"г. Минск, улица Одоевского, д. 115А",Ежедневно 10:00-21:00,,Img17551,1983668,Минск,minsk,Минск и Минская обл.,"53.901492987,27.476833601",0,6,{},0,0.0,6219234,True,Belarus
239,False,109745,3,"Поставы (Витебская область, Поставский район) Ленинская улица 9",Ежедневно 10:00-21:00,,Img109745,1985431,Поставы,postavy,,"55.114905,26.839864",0,6,{},0,0.0,6256490,True,Belarus
240,False,112498,3,"Сеница Минская область, Минский район Зелёная 1",Ежедневно 10:00-21:00,,Img112498,2105169,Сеница,senitsa,,"53.821976,27.529788",0,6,{},0,0.0,6257287,True,Belarus
241,False,107196,3,"г Светлогорск (Беларусь, Гомельская обл) Мирошниченко 18/1",Ежедневно 10:00-21:00,,Img107196,1985415,Светлогорск,svetlogorsk,,"52.628572,29.753596",0,6,{},0,0.0,6255682,True,Belarus
242,False,111914,3,г Минск улица Лобанка 22,Ежедневно 10:00-21:00,,Img111914,2377666,Минск,minsk,Минск и Минская обл.,"53.901255,27.433849",0,6,{},0,0.0,6257515,True,Belarus
243,False,18096,3,"г. Брест (Брестская область), улица Морозова, д. 5",Ежедневно 10:00-21:00,,Img18096,1983664,Брест,brest,,"52.075945,23.722764",0,6,{},0,0.0,6253900,True,Belarus
244,False,105017,3,"деревня Большой Тростенец (Минская область), Зелёная улица, д. 1А",Ежедневно 10:00-21:00,,Img105017,1983668,Минск,minsk,Минск и Минская обл.,"53.848822,27.706475",0,6,{},0,0.0,6254999,True,Belarus
245,False,1229,3,"г. Дзержинск (Минская обл.), ул. Шарко, 4А",Ежедневно 10:00-21:00,"Поворот с улицы Шарко между домом №2 и №4, ПВЗ находится в цокольном этаже здания магазина ""Рубин"" Проезд между 2 и 4 домом улицы Шарко.
",Img1229,1985336,Дзержинск,dzerzhinsk,,"53.681939765,27.113937314",0,6,{},0,0.0,4471485,True,Belarus
246,False,112767,3,г Минск ( Минская область) Победителей 57,Ежедневно 10:00-21:00,,Img112767,1983668,Минск,minsk,Минск и Минская обл.,"53.920113,27.528496",0,6,{},0,0.0,6257286,True,Belarus
247,False,15022,3,"г. Щучин (Гродненская область), Октябрьская улица, д. 4",Ежедневно 10:00-21:00,,Img15022,1985400,Щучин,shchuchin,,"53.605267063,24.740893302",0,6,{},0,0.0,5343376,True,Belarus
248,False,108456,3,"г Логойск (Беларусь, Минская обл) Советская 36а",Ежедневно 10:00-21:00,,Img108456,1985342,Логойск,logoysk,,"54.200294,27.840941",0,6,{},0,0.0,6256006,True,Belarus
249,False,109484,3,Новополоцк Витебская область улица Дружбы 10,Ежедневно 10:00-21:00,,Img109484,1985428,Новополоцк,novopolotsk,,"55.522832,28.662988",0,6,{},0,0.0,6256386,True,Belarus
250,False,109605,3,Барановичи (Беларусь) Брестская улица 273,Ежедневно 10:00-21:00,,Img109605,1985372,Барановичи,baranovichi,,"53.114552,25.970604",0,6,{},0,0.0,6256240,True,Belarus
251,False,14444,3,"г. Малорита (Брестская область), Советская улица, д. 66/1",Ежедневно 10:00-21:00,,Img14444,1985384,Малорита,malorita,,"51.788148,24.072209",0,6,{},0,0.0,5121906,True,Belarus
252,False,101790,3,"г. Солигорск (Минская область), Набережная улица, д. 8",Ежедневно 10:00-21:00,,Img101790,1985351,Солигорск,soligorsk,,"52.784081,27.552107",0,6,{},0,0.0,6254204,True,Belarus
253,False,1046,3,"г. Витебск, ул. Ленина, 6",Ежедневно 10:00-21:00,"Пункт выдачи заказов находится на площади Победы в доме на углу улиц Ленина и Калинина, вход со двора дома. Ближайшая остановка общественного транспорта - ""Библиотека Ленина"". Выходя из транспорта проходим метров 15 в сторону площади Победа и поворачиваем направо, проходим немного во двор и сворачиваем налево и идем до упора в углу дома.",Img1046,1983665,Витебск,vitebsk,,"55.185214,30.203812",0,6,{},0,0.0,4542324,True,Belarus
254,False,109095,3,г. Минск Партизанский 71,Ежедневно 10:00-21:00,,Img109095,1983668,Минск,minsk,Минск и Минская обл.,"53.877026,27.619986",0,6,{},0,0.0,6255960,True,Belarus
255,False,14672,3,"г. Кобрин (Брестская область), улица Дружбы, д. 24",Ежедневно 10:00-21:00,,Img14672,1985380,Кобрин,kobrin,,"52.19365,24.348914",0,6,{},0,0.0,5209143,True,Belarus
256,False,17354,3,"г. Минск, улица Жуковского, д. 11А",Ежедневно 10:00-21:00,,Img17354,1983668,Минск,minsk,Минск и Минская обл.,"53.880904933,27.551331585",0,6,{},0,0.0,6157892,True,Belarus
257,False,553,3,"г. Гомель (Гомельская область), улица Шилова, д. 3А/4",Ежедневно 10:00-21:00,"Отдельно стоящее, одноэтажное здание, расположенное со стороны улицы Малайчука, рядом с платной автостоянкой",Img553,1983666,Гомель,gomel,,"52.459077,30.991889",0,6,{},0,0.0,4471358,True,Belarus
258,False,17643,3,"г. Минск, улица Кунцевщина, д. 19",Ежедневно 10:00-21:00,,Img17643,1983668,Минск,minsk,Минск и Минская обл.,"53.911607443,27.434562449",0,6,{},0,0.0,6231265,True,Belarus
259,False,108864,3,г Минск (Беларусь) улица Кольцова 37,Ежедневно 10:00-21:00,,Img108864,1983668,Минск,minsk,Минск и Минская обл.,"53.952383,27.608454",0,6,{},0,0.0,6256405,True,Belarus
260,False,101490,3,"г. Узда (Минская область), Молодёжная улица, д. 1",Ежедневно 10:00-21:00,,Img101490,1985354,Узда,uzda,,"53.470649,27.223041",0,6,{},0,0.0,6254238,True,Belarus
261,False,17134,3,"г. Мозырь (Гомельская область), бульвар Юности, д. 155",Ежедневно 10:00-21:00,,Img17134,1985408,Мозырь,mozyr,,"52.025479,29.208048",0,6,{},0,0.0,6078625,True,Belarus
262,False,14031,3,"г. Гродно (Гродненская область), улица Захарова, д. 24",Ежедневно 10:00-21:00,,Img14031,1983667,Гродно,grodno,,"53.675335,23.84466",0,6,{},0,0.0,4965689,True,Belarus
263,False,17947,3,"г. Гомель (Гомельская область), улица Ильича, д. 51Г",Ежедневно 10:00-21:00,,Img17947,1983666,Гомель,gomel,,"52.392490518,31.029302487",0,6,{},0,0.0,6253706,True,Belarus
264,False,13374,3,"г. Минск, улица Леонида Беды, д. 33",Ежедневно 10:00-21:00,"До пункта самовывоза можно доехать на 24 автобусе до остановочного пункта «Тиражная». Вход в пункт самовывоза расположен со стороны дороги.
",Img13374,1983668,Минск,minsk,Минск и Минская обл.,"53.9374,27.5931",0,6,{},0,0.0,4569501,True,Belarus
265,False,15972,3,"г. Минск, улица Связистов, д. 11",Ежедневно 10:00-21:00,,Img15972,1983668,Минск,minsk,Минск и Минская обл.,"53.914276,27.676169",0,6,{},0,0.0,5555685,True,Belarus
266,False,16934,3,"г. Минск, Партизанский проспект, д. 13",Ежедневно 10:00-21:00,,Img16934,1983668,Минск,minsk,Минск и Минская обл.,"53.884986,27.588385",0,6,{},0,0.0,6024248,True,Belarus
267,False,18128,3,"г. Слоним (Гродненская область), Комсомольская улица, д. 5",Ежедневно 10:00-21:00,,Img18128,1985397,Слоним,slonim,,"53.098043107,25.318177364",0,6,{},0,0.0,6254024,True,Belarus
268,False,16683,3,"г. Пружаны (Брестская область), улица Григория Ширмы, д. 8",Ежедневно 10:00-21:00,,Img16683,1985386,Пружаны,pruzhany,,"52.55534903,24.45767596",0,6,{},0,0.0,5895607,True,Belarus
269,False,101801,3,"г. Белыничи (Могилёвская область), улица Энгельса, д. 4",Ежедневно 10:00-21:00,,Img101801,2294233,Белыничи,belynichi,,"53.993368234,29.718789682",0,6,{},0,0.0,6254054,True,Belarus
270,False,16283,3,"г. Минск, улица Михася Лынькова, д. 35",Ежедневно 10:00-21:00,,Img16283,1983668,Минск,minsk,Минск и Минская обл.,"53.928641,27.478279",0,6,{},0,0.0,5659426,True,Belarus
271,False,17341,3,"г. Добруш (Гомельская область), улица Гагарина, д. 18",Ежедневно 10:00-21:00,,Img17341,1985402,Добруш,dobrush,,"52.419297,31.313546",0,6,{},0,0.0,6156084,True,Belarus
272,False,12411,3,"г. Могилёв (Могилёвская область), улица Крупской, д. 180",Ежедневно 10:00-21:00,"Пункт самовывоза находится в центре красоты ""СТИЛЬ"". От ЖД вокзала можно проехать на автобусе 1, также на троллейбусе 2 до остановки Дворец Гимнастики, перейти на противоположную сторону по пешеходному переходу, повернуть налево и пройти около 100м, там будет Центр Красоты «СТИЛЬ» ПВЗ находится в этом помещении нужно будет подняться на лестницу, вторая дверь.",Img12411,1983669,Могилев,mogilev,,"53.950625468,30.358808611",0,6,{},0,0.0,4471819,True,Belarus
273,False,18145,3,"г. Витебск (Витебская область), Московский проспект, д. 66к1",Ежедневно 10:00-21:00,,Img18145,1983665,Витебск,vitebsk,,"55.178557633,30.230258708",0,6,{},0,0.0,6254068,True,Belarus
274,False,105378,3,"г. Ляховичи (Брестская область), улица 17 Сентября, д. 13",Ежедневно 10:00-21:00,,Img105378,1985383,Ляховичи,lyahovichi,,"53.039651,26.264584",0,6,{},0,0.0,6255006,True,Belarus
275,False,101860,3,"г. Минск, улица Сергея Есенина, д. 30",Ежедневно 10:00-21:00,,Img101860,2377666,Минск,minsk,Минск и Минская обл.,"53.851787,27.455641",0,6,{},0,0.0,6254537,True,Belarus
276,False,494,3,"г. Витебск (Витебская область), улица Ленина, д. 73",Ежедневно 10:00-21:00,"Пункт выдачи заказов расположен на площади Ленина. Ближайшая остановка общественного транспорта  ""Площадь Ленина"". При выходе из общественного транспорта требуется перейти улицу Урицкого и двигаться прямо вдоль областной филармонии. Далее Вы подойдете к улице Горовца, требуется ее перейти - Вы на месте.",Vitebsk,1983665,Витебск,vitebsk,,"55.203221677,30.208901904",0,6,{},0,0.0,4542138,True,Belarus
277,False,1372,3,г. Гомель (Гомельская область) ул. Ильича д. 163Е,Ежедневно 10:00-21:00,"Проезд автобусами 18, 26, 35, 39, 50, также маршруткой №18 до остановки ""9 Мая"", пройти вперёд в сторону музыкальной школы, повернуть перед ней налево и идти вдоль домов 163Д, 163Б, 163В, в самом конце будет стоять отдельно стоящее здание оранжевого цвета, бывший магазин 9 Мая.",Img1372,1983666,Гомель,gomel,,"52.376766,31.025927",0,6,{},0,0.0,4471603,True,Belarus
278,False,111218,3,  Минск проспект Дзержинского 78,Ежедневно 10:00-21:00,,Img111218,2377666,Минск,minsk,Минск и Минская обл.,"53.870798,27.490399",0,6,{},0,0.0,6256585,True,Belarus
279,False,912,3,"г. Берёза (Брестская область), Красноармейская улица, д. 26",Ежедневно 10:00-21:00,"Пункт самовывоза находится в центре города, в ТЦ ""Солнечный"" на 1-м этаже, напротив Комсомольского сквера.
 ПВЗ имеет два входа:
-основной с торца здания со стороны газеты ""Маяк"";
-центральный-в холле повернуть направо,1-я дверь по коридору налево.",bereza,1985373,Береза,bereza,,"52.534937,24.980567",0,6,{},0,0.0,4471376,True,Belarus
280,False,14815,3,"г. Витебск (Витебская область), улица Чкалова, д. 50к1",Ежедневно 10:00-21:00,,Img14815,1983665,Витебск,vitebsk,,"55.161106,30.211915",0,6,{},0,0.0,5258470,True,Belarus
281,False,15489,3,"г.Новополоцк (Витебская область), улица Дзержинского, д.17к1",Ежедневно 10:00-21:00,,Img15489,1985428,Новополоцк,novopolotsk,,"55.540409,28.626568",0,6,{},0,0.0,5461099,True,Belarus
282,False,11747,3,"г. Лепель (Витебская область), улица Войкова, д. 124А",Ежедневно 10:00-21:00,"Пункт выдачи заказов расположен в сером двухэтажном здании ТЦ ""МИКС"" на 1-м этаже, в этом же здании находится ""Остров чистоты"". Рядом остановка ""м-н Подвальный"", проезд автобусом №5. По той же улице находится паспортный стол и РОВД.
",Img11747,1985425,Лепель,lepel,,"54.883455884,28.697993",0,6,{},0,0.0,4471632,True,Belarus
283,False,17902,3,"г. Гродно (Гродненская область), улица Огинского, д. 19",Ежедневно 10:00-21:00,,Img17902,1983667,Гродно,grodno,,"53.617496204,23.81222655",0,6,{},0,0.0,6253653,True,Belarus
284,False,109395,3,"Колодищи (Минская область, ) Короткая улица 8",Ежедневно 10:00-21:00,,Img109395,1999507,Колодищи,kolodishchi,,"53.947754,27.773021",0,6,{},0,0.0,6256067,True,Belarus
285,False,106187,3,г. Мозырь (Гомельская обл)  Бульвар Страконицкий 21-133,Ежедневно 10:00-21:00,,Img106187,1985408,Мозырь,mozyr,,"52.032393,29.235828",0,6,{},0,0.0,6255605,True,Belarus
286,False,111965,3,г Слуцк (Минская область) Слуцкий район Ленина 221А,Ежедневно 10:00-21:00,,Img111965,1985348,Слуцк,slutsk,,"53.035285,27.562453",0,6,{},0,0.0,6257418,True,Belarus
287,False,18083,3,"г. Любань (Минская область), Советская улица, д. 31",Ежедневно 10:00-21:00,,Img18083,1985343,Любань,lyuban,,"52.79344932,28.004905271",0,6,{},0,0.0,6253853,True,Belarus
288,False,112306,3,Минск Минск улица Фабрициуса 9А,Ежедневно 10:00-21:00,,Img112306,2377666,Минск,minsk,Минск и Минская обл.,"53.888475,27.536605",0,6,{},0,0.0,6257072,True,Belarus
289,False,112546,3,г Солигорск (Минская область) Ленина 9,Ежедневно 10:00-21:00,,Img112546,1985351,Солигорск,soligorsk,,"52.788844,27.537482",0,6,{},0,0.0,6257444,True,Belarus
290,False,107925,3,г Минск (Беларусь) Лидская 12,Ежедневно 10:00-21:00,,Img107925,1983668,Минск,minsk,Минск и Минская обл.,"53.921909,27.432092",0,6,{},0,0.0,6255728,True,Belarus
291,False,111901,3,"г Минск , улица Мазурова 24",Ежедневно 10:00-21:00,,Img111901,1983668,Минск,minsk,Минск и Минская обл.,"53.89633,27.421914",0,6,{},0,0.0,6256834,True,Belarus
292,False,113122,3,г Минск улица Иосифа Жиновича 22,Ежедневно 10:00-21:00,,Img113122,1983668,Минск,minsk,Минск и Минская обл.,"53.924861,27.441751",0,6,{},0,0.0,6257240,True,Belarus
293,False,17373,3,"г. Гомель (Гомельская область), Речицкий проспект, д. 154",Ежедневно 10:00-21:00,,Img17373,1983666,Гомель,gomel,,"52.402727,30.908891",0,6,{},0,0.0,6158942,True,Belarus
294,False,101598,3,"г. Орша (Витебская область), улица Владимира Ленина, д. 116А",Ежедневно 10:00-21:00,,Img101598,1985429,Орша,orsha,,"54.523378,30.436715",0,6,{},0,0.0,6254182,True,Belarus
295,False,12153,3,"г. Столбцы (Минская область), улица Танкистов, д. 20",Ежедневно 10:00-21:00,"Проезд от Площади Бессмертия (пересечение улиц Танкистов и Социалистической) по ул. Танкистов в направлении д. Новый Свержень. Здание по левой стороне, через 30 метров от пересечения с ул. Мицкевича
",Img12153,1985353,Столбцы,stolbtsy,,"53.476268,26.736242",0,6,{},0,0.0,4471777,True,Belarus
296,False,114284,3,"г Фаниполь (Минская область), Брестская 7",Ежедневно 10:00-21:00,,Img114284,1985473,Фаниполь,fanipol,,"53.744738,27.320581",0,6,{},0,0.0,6257752,True,Belarus
297,False,103793,3,"г. Минск, улица Выготского, д. 45",Ежедневно 10:00-21:00,,Img103793,1983668,Минск,minsk,Минск и Минская обл.,"53.958584,27.550485",0,6,{},0,0.0,6254633,True,Belarus
298,False,109472,3,"Лида (Гродненская область, Лидский район) Варшавская улица 43",Ежедневно 10:00-21:00,,Img109472,1985391,Лида,lida,,"53.877197,25.278002",0,6,{},0,0.0,6256096,True,Belarus
299,False,114397,4," Брестская область, Ивацевичский район г. Ивацевичи Советская 1А",Ежедневно 10:00-21:00,,Img114397,1985378,Ивацевичи,ivatsevichi,,"52.711422,25.344464",0,6,{},0,0.0,6257781,True,Belarus
300,False,11818,3,"г. Минск, улица Янковского, д. 34",Ежедневно 10:00-21:00,"Со стороны метро «Каменная Горка»  проезд  троллейбусами  №52, 25  до остановки «Янковского». Далее двигаемся вперёд в направлении улицы П. Ширмы, поворачиваем направо на улицу П. Ширмы и идем вперед. ПВЗ располагается в многоэтажном доме, расположенном правее на холме, ориентир – вывеска “Евроопт”. Пункт находится между 1-ым и 2-ым подъездами во внутренней стороне дома. ",Img11818,1983668,Минск,minsk,Минск и Минская обл.,"53.878465,27.454303",0,6,{},0,0.0,4471652,True,Belarus
301,False,994,3,"г. Минск, ул. Червякова, 5",Ежедневно 10:00-21:00,"Мы находимся в жилом доме на первом этаже возле Переспинского сквера ( около СИНАГОГИ и спорткомплекса «ДИНАМО» по ул. Даумана, поворот на пер. Торфяной ), остановка «ПЕРЕСПА» на трамвае №3 от ст. м. Площадь Победы, трамвае №5 от  ст. м. Якуба Коласа в направлении  ДС Озеро, пройти от остановки перпендикулярно дороге 50 метров во дворы мимо спортивного магазина «Райдер», затем повернуть налево и еще 40 метров прямо. Напротив нас длинный дом с вывеской «Аптека».",Img994,1983668,Минск,minsk,Минск и Минская обл.,"53.921812,27.550602",0,6,{},0,0.0,4542274,True,Belarus
302,False,113892,3,"г Минск, улица Золотая Горка 20 ,  ",Ежедневно 10:00-21:00,,Img113892,1983668,Минск,minsk,Минск и Минская обл.,"53.914351,27.588358",0,6,{},0,0.0,6257802,True,Belarus
303,False,15965,3,"г. Гомель (Гомельская область), ул.Чапаева, д. 10 А",Ежедневно 10:00-21:00,,Img15965,1983666,Гомель,gomel,,"52.456815,30.96611",0,6,{},0,0.0,5553654,True,Belarus
304,False,1033,3,"г. Фаниполь (Дзержинский р-н.), ул. Янки Купалы, 3",Ежедневно 10:00-21:00,"100 метров от поворота на улицу  Янки Купалы с улицы Комсомольской. Вход в ПВЗ рядом с банкоматом ""Беларусбанк""
",fanipol,1985473,Фаниполь,fanipol,,"53.750489,27.332557",0,6,{},0,0.0,4542318,True,Belarus
305,False,12457,4,"г. Минск, проспект Рокоссовского, д. 78",Ежедневно 10:00-21:00,,Img12457,1983668,Минск,minsk,Минск и Минская обл.,"53.8650339,27.6026916",0,6,{},0,0.0,4471831,True,Belarus
306,False,18403,3,"г. Гродно (Гродненская область), улица Тавлая, д. 22/2",Ежедневно 10:00-21:00,,Img18403,1983667,Гродно,grodno,,"53.695869,23.854476",0,6,{},0,0.0,6254464,True,Belarus
307,False,113926,3,"г Новополоцк (Витебская область), Молодёжная улица 169",Ежедневно 10:00-21:00,,Img113926,1985428,Новополоцк,novopolotsk,,"55.517453,28.687688",0,6,{},0,0.0,6257805,True,Belarus
308,False,1118,3,"г. Минск, ул. Грицевца, 3",Ежедневно 10:00-21:00,"Выйдя из метро, поворачиваете направо и следуете прямо до выхода из подземного перехода. При выходе из перехода, поворачиваете налево и поднимаетесь вверх по лестнице. Затем, поворачиваете направо и идете прямо мимо домов Долгобродская 26, 28, 30. По правую руку от Вас буду магазины START-X и МЕГАТОП. На углу 30 дома поворачиваете направо и идете до конца дома мимо салона сотовой связи МТС, печатного центра Формат и магазина «Зоомир». Прямо перед Вами через дорогу увидите жилой дом.",Img1118,1983668,Минск,minsk,Минск и Минская обл.,"53.887159,27.615581",0,6,{},0,0.0,4542369,True,Belarus
309,False,1174,3,"г. Минск, ул. Левкова, 45",Ежедневно 10:00-21:00,"От пересечения просп. Дзержинского и  Жукова с остановки общественного транспорта Грушевская  (автобус  84,124,118с (только в вых. дни) едем до остановки Аэродромная или от ЖД вокзала со стороны улицы Дружной до той же остановки на автобусе №4. Переходим на противоположную сторону от остановки Аэродромная, вдоль дороги (поворачиваемся в сторону моста – магазин Е-сити) на расстоянии 400м метров от остановки расположено новое высотное жилое здание. ",Img1174,1983668,Минск,minsk,Минск и Минская обл.,"53.872942,27.557007",0,6,{},0,0.0,4471435,True,Belarus
310,False,12003,3,"г. Минск, проспект Дзержинского, д. 11",Ежедневно 10:00-21:00,"Станция метро Грушевка, выйти из метро, идти пешком по проспекту Дзержинского в сторону центра 500 метров и справа Вы увидите жилой дом, на первом этаже которого находится наш пункт самовывоза.",Img12003,1983668,Минск,minsk,Минск и Минская обл.,"53.8878,27.5201",0,6,{},0,0.0,4471726,True,Belarus
311,False,1078,3,"г. Минск, ул. Маяковского, 11",Ежедневно 10:00-21:00,"Если ехать в сторону ж/д вокзала: проезд троллейбусами 5, 6, 20, автобусами 11т, 102, 123 до остановки «переулок Луговой». От остановки идем 30 метров вперед, правее в последнем многоэтажном доме находится пункт выдачи заказов. 
Если ехать в сторону Лошицы: проезд троллейбусами 5, 6, 2, автобусами 11т, 102, 123 до остановки «Аранская», переходим дорогу на светофоре, следуя к мужскому салону «Gents», на цокольном этаже правее салона находится самовывоз. 
",minsk,1983668,Минск,minsk,Минск и Минская обл.,"53.883367,27.569089",0,6,{},0,0.0,4542344,True,Belarus
312,False,17496,3,"г. Минск, проспект Машерова, д. 18",Ежедневно 10:00-21:00,,Img17496,1983668,Минск,minsk,Минск и Минская обл.,"53.915777389,27.573173755",0,6,{},0,0.0,6197492,True,Belarus
313,False,104791,3,"г. Минск, улица Свердлова, д. 15",Ежедневно 10:00-21:00,,Img104791,1983668,Минск,minsk,Минск и Минская обл.,"53.891074,27.559019",0,6,{},0,0.0,6255116,True,Belarus
314,False,882,3,"г. Лида (Гродненская обл.), б-р. Князя Гедимина, 12 /3",Ежедневно 10:00-21:00,"Можно проехать на автобусе номер 1 и номер 3. Выходите на остановке налоговой, проходите между зданием налоговой и стоянкой, к зданию мед. центра Франс банка, входите в здание с главных дверей проходите вниз по лестнице мимо полов и ломбарда прямо к нам. ",lida,1985391,Лида,lida,,"53.885411,25.300331",0,6,{},0,0.0,4542219,True,Belarus
315,False,109886,3,"г Орша (Витебская область), улица Могилёвская 104",Ежедневно 10:00-21:00,,Img109886,1985429,Орша,orsha,,"54.489812,30.438541",0,6,{},0,0.0,6256995,True,Belarus
316,False,111902,3,Минск Минск Улица Скрипникова 15,Ежедневно 10:00-21:00,,Img111902,1983668,Минск,minsk,Минск и Минская обл.,"53.89137,27.420003",0,6,{},0,0.0,6257294,True,Belarus
317,False,114600,3,"г Молодечно (Минская область), Галицкого 14",Ежедневно 10:00-21:00,,Img114600,1985344,Молодечно,molodechno,,"54.309216,26.825431",0,6,{},0,0.0,6257614,True,Belarus
318,False,890,3,"г. Слуцк (Минская область), улица Ленина, д. 98Б",Ежедневно 10:00-21:00,"Проходящий транспорт - автобусы : № 4, 6, 12, 16, 18. Выходите на остановке - Магазин ""Строитель"", если ехать со стороны центра, переходите дорогу, напротив Вас будет магазин ""Ами-мебель"", справа от него, в здании между магазинами ""Сантехника"" и ""Армтек"" находится наш ПВЗ.
",sluck,1985348,Слуцк,slutsk,,"53.016491431,27.533685717",0,6,{},0,0.0,4471374,True,Belarus
319,False,114542,3,"Мядель (Минская обл), Крупской 19",Ежедневно 10:00-21:00,,Img114542,1985346,Мядель,myadel,,"54.872151,26.932342",0,6,{},0,0.0,6257717,True,Belarus
320,False,115438,3,г Барановичи (Брестская область) улица Кирова 69,Ежедневно 10:00-21:00,,Img115438,1985372,Барановичи,baranovichi,,"53.144155,26.041948",0,6,{},0,0.0,6257751,True,Belarus
321,False,18136,3,"г.Гродно (Гродненская область), улица Суворова, д. 312",Ежедневно 10:00-21:00,,Img18136,1983667,Гродно,grodno,,"53.646658411,23.780121678",0,6,{},0,0.0,6254055,True,Belarus
322,False,16225,3,"г. Минск, улица Уборевича, д. 95А",Ежедневно 10:00-21:00,,Img16225,1983668,Минск,minsk,Минск и Минская обл.,"53.833851344,27.617079304",0,6,{},0,0.0,5644213,True,Belarus
323,False,110223,3,г Брест (Брестская область) улица Брестских Дивизий 18,Ежедневно 10:00-21:00,,Img110223,1983664,Брест,brest,,"52.102881,23.672939",0,6,{},0,0.0,6256498,True,Belarus
324,False,12418,3,"г. Осиповичи (Могилёвская область), улица Сумченко, д. 25б",Ежедневно 10:00-21:00,"Автобусная остановка Площадь Ленина, через дорогу за магазинами ""Мегатоп"" и ""Марко"", бывший магазин ""Пара"" .",Img12418,1985367,Осиповичи,osipovichi,,"53.307789,28.636719",0,6,{},0,0.0,4471822,True,Belarus
325,False,111070,3,"г Пинск (Брестская обл.), ул Первомайская, д 90",Ежедневно 10:00-21:00,,Img111070,1985385,Пинск,pinsk,,"52.124579,26.100274",0,6,{},0,0.0,6256596,True,Belarus
326,False,17616,3,"г. Лельчицы (Гомельская область), улица Меньшикова, д. 67А",Ежедневно 10:00-21:00,,Img17616,2294756,Лельчицы,lelchitsy,,"51.784956329,28.312134011",0,6,{},0,0.0,6230180,True,Belarus
327,False,17487,3,"г. Островец (Гродненская область), Ленинская улица, д. 46",Ежедневно 10:00-21:00,,Img17487,2295020,Островец,ostrovets,,"54.613871389,25.950990712",0,6,{},0,0.0,6194483,True,Belarus
328,False,1175,3,"г. Борисов (Минская обл.), ул. 50 лет БССР, д. 17а",Ежедневно 10:00-21:00,"Проезд на автобусах: №11, 9, 10, 3 до остановки ""Политехникум"", далее двигаться в сторону гастронома ""Восьмёрочка"". Пункт самовывоза находится на цокольном этаже в ТЦ напротив Борисовского политехникума. Ориентир: магазин ""Остров чистоты"".",Img1175,1985332,Борисов,borisov,,"54.214526911,28.483826716",0,6,{},0,0.0,4471436,True,Belarus
329,False,15602,3,"г. Брест (Брестская область), улица Суворова, д. 63",Ежедневно 10:00-21:00,,Img15602,1983664,Брест,brest,,"52.070497258,23.754261202",0,6,{},0,0.0,5472621,True,Belarus
330,False,1361,3,г. Гродно (Гродненская область) ул. Малыщинская 5,Ежедневно 10:00-21:00,"Выходим на остановке ВнешТорга и переходим дорогу которая ведет к улице Малыщинской вверх по горке, проходим мини магазин и газетный ларек, затем доходим до нерегулируемого перекрестка и поворачиваем на право где видим одно единственное  здание 9 этажку в форме свечки, мы на цокольном этаже возле мебельной фирмы. Также есть проход со стороны магазина Алми, там проходят маршрутки 17 и 2. На регулируемом Т-образном  перекрестке идете в низ по горке на улицу Малыщинская.",Img1361,1983667,Гродно,grodno,,"53.712013,23.853361",0,6,{},0,0.0,4471592,True,Belarus
331,False,1157,3,"г. Бобруйск (Могилевская обл.), ул. Ульяновская, 66",Ежедневно 10:00-21:00,"По ул. Ульяновской напротив автобусной остановки «Школьная» находится торговый центр «Айсберг», слева от него расположен девятиэтажный жилой дом с детской площадкой. Вход в пункт самовывоза находится в подъезде этого дома напротив детской площадки. Общественный транспорт: Автобус 18, 18Б, 8А, 25, 26Э, 40, 9,70.",Img1157,1985357,Бобруйск,bobruysk,,"53.171714,29.191061",0,6,{},0,0.0,4542394,True,Belarus
332,False,11829,3,"г. Гродно (Гродненская область), бульвар Ленинского Комсомола, 6А",Ежедневно 10:00-21:00,"Бывшее здание ""Газ в быту"". Вход центральный, со стороны дороги, распологается на первом этаже
",Img11829,1983667,Гродно,grodno,,"53.698518,23.816104",0,6,{},0,0.0,4471657,True,Belarus
333,False,17704,3,"г. Могилёв (Могилёвская область), Первомайская улица, д. 3",Ежедневно 10:00-21:00,,Img17704,1983669,Могилев,mogilev,,"53.89683037,30.332093085",0,6,{},0,0.0,6234353,True,Belarus
334,False,1063,3,"г. Минск, ул. Пионерская, 3",Ежедневно 10:00-21:00,"На автобусе № 1, 44, 136, 133 или троллейбусе № 10 до ост. «Университет физкультуры», обойти ТЦ «Арена Сити» с обратной стороны, где напротив будут находиться жилые дома. Дом коричневого цвета ,пройти к подъезду № 4, который расположен ближе к белой церкви. Наш самовывоз смотрит на проспект Победителей. Рядом с подъездом белая дверь пункта выдачи заказов, висит большая вывеска .",Img1063,1983668,Минск,minsk,Минск и Минская обл.,"53.938299,27.491089",0,6,{},0,0.0,4542334,True,Belarus
335,False,1364,3,"г. Лесной (Минская область), улица Н.Н. Александрова, д. 10",Ежедневно 10:00-21:00,"Проезд автобусом 143 (маршрут д/с Карбышева - Зелёный бор). Выходите на конечной остановке """"Зелёный бор"""", переходите улицу перпендикулярно остановке. Справа по диагонали расположен дом №10. Пункт самовывоза находится на первом этаже - вторая лестница с правой стороны здания. ",Img1364,1983668,Минск,minsk,Минск и Минская обл.,"54.012,27.6806",0,6,{},0,0.0,4471595,True,Belarus
336,False,18042,3,"г. Сморгонь (Гродненская область), Юбилейная улица, д. 21А",Ежедневно 10:00-21:00,,Img18042,1985399,Сморгонь,smorgon,,"54.478494946,26.411336681",0,6,{},0,0.0,6253795,True,Belarus
337,False,105663,3,"г. Минск, улица Освобождения, д. 7",Ежедневно 10:00-21:00,,Img105663,1983668,Минск,minsk,Минск и Минская обл.,"53.905889,27.547624",0,6,{},0,0.0,6255232,True,Belarus
338,False,15503,3,"г. Микашевичи (Брестская область), Молодежная улица, д. 3А",Ежедневно 10:00-21:00,,Img15503,1985519,Микашевичи,mikashevichi,,"52.2206372,27.4932273",0,6,{},0,0.0,5462694,True,Belarus
339,False,15523,3,"г. Минск (Минская область), улица Прушинских, д. 31А",Ежедневно 10:00-21:00,Наш фирменный пункт самовывоза находится в бизнес-центре «Портал». Отдельный застекленный вход в правой части здания.,Img15523,1983668,Минск,minsk,Минск и Минская обл.,"53.834234,27.58039",0,6,{},0,0.0,5465090,True,Belarus
340,False,105615,3,"г. Борисов (Минская область), Минская улица, д. 21",Ежедневно 10:00-21:00,,Img105615,1985332,Борисов,borisov,,"54.242671,28.503638",0,6,{},0,0.0,6255075,True,Belarus
341,False,15650,3,"г. Круглое (Могилёвская область), Могилёвская улица, д. 2",Ежедневно 10:00-21:00,,Img15650,1986289,Круглое,krugloe,,"54.242915,29.795955",0,6,{},0,0.0,5484611,True,Belarus
342,False,12131,3,г. Витебск (Витебская область) Московский проспект 103,Ежедневно 10:00-21:00,"Пункт выдачи заказов находится в доме рядом с магазином «Ганна». Ближайшая остановка общественного транспорта - ул. Короткевича. От остановки нужно пройти в сторону магазина «Ганна», через 170 метров от магазина справа расположен наш пункт выдачи заказов (красный козырек), рядом находится  магазин «Мила».
",Img12131,1983665,Витебск,vitebsk,,"55.1724,30.2653",0,6,{},0,0.0,4471772,True,Belarus
343,False,105863,3,"агрогородок Ольшаны (Брестская область), Фестивальный переулок, д. 2Б",Ежедневно 10:00-21:00,,Img105863,2061576,Ольшаны,olshany,,"52.077537,27.363983",0,6,{},0,0.0,6255255,True,Belarus
344,False,17883,3,"г. Барань (Витебская область), Комсомольская улица, д. 4А",Ежедневно 10:00-21:00,,Img17883,2294977,Барань,baran,,"54.481019333,30.315882542",0,6,{},0,0.0,6253635,True,Belarus
345,False,16711,3,"г. Минск, проспект Рокоссовского, д. 145А",Ежедневно 10:00-21:00,,Img16711,1983668,Минск,minsk,Минск и Минская обл.,"53.855844012,27.611952506",0,6,{},0,0.0,5927855,True,Belarus
346,False,18511,3,"г. Гомель (Гомельская область), улица Свиридова, д. 13",Ежедневно 10:00-21:00,,Img18511,1983666,Гомель,gomel,,"52.47623,31.022573",0,6,{},0,0.0,6255127,True,Belarus
347,False,110093,3,г Речица (Гомельская область) Чапаева 8,Ежедневно 10:00-21:00,,Img110093,1985412,Речица,rechitsa,,"52.368536,30.396452",0,6,{},0,0.0,6256951,True,Belarus
